,pred_h0,pred_h1,pred_h2,pred_h3,pred_h4,pred_h5,pred_h6,pred_h7,pred_h8,pred_h9,pred_h10,pred_h11,pred_h12,pred_h13,pred_h14,pred_h15,pred_h16,pred_h17,pred_h18,pred_h19,pred_h20,pred_h21,pred_h22,pred_h23
2024-01-01 01:00:00+01:00,7.051447,16.71806,17.7966,-12.609485,70.74825,67.49389,106.78429,112.16484,89.44452,78.20173,49.393917,92.90163,73.62598,82.42015,72.727715,96.947296,138.85272,132.15349,132.07161,134.3904,110.051544,118.077736,100.36255,73.33325
2024-01-02 01:00:00+01:00,72.75161,29.232561,55.15439,11.84582,25.129038,55.541756,103.75881,112.05899,101.41679,82.61471,79.432846,44.39033,58.32905,72.01915,77.85434,97.357,101.865814,118.36833,124.076065,124.28883,127.431946,78.27525,63.969593,44.55212
2024-01-03 01:00:00+01:00,21.04,47.109497,29.412966,44.169582,25.650816,41.28437,85.86658,107.30451,91.57447,99.15172,83.298645,79.429535,58.696445,75.99648,27.674345,66.05744,117.629364,74.663765,72.89331,94.74901,75.13288,77.698074,95.51711,-4.7137775
2024-01-04 01:00:00+01:00,60.12704,67.99026,57.71099,83.85516,83.73102,82.34895,82.04399,81.34582,124.76139,84.09359,99.05463,108.21104,73.723114,114.277245,78.45742,68.673416,141.17148,148.7064,146.88452,122.66012,109.278534,93.90002,76.817085,36.26221
2024-01-05 01:00:00+01:00,82.19342,77.07584,78.61949,47.537373,75.13435,110.06803,102.32482,144.46057,162.73404,111.84581,133.89468,112.90041,97.479836,126.40209,105.31265,104.74648,110.661865,109.011215,133.59914,109.78005,105.96459,85.753975,130.19807,68.90288
2024-01-06 01:00:00+01:00,40.322323,84.720276,63.728836,102.06705,110.090294,84.7695,102.434685,106.445984,155.25749,116.154495,118.288216,107.51532,105.02091,119.284676,143.06276,129.55605,162.56476,170.70827,120.420135,129.82709,86.346825,96.892876,128.62039,145.24779
2024-01-07 01:00:00+01:00,72.21134,89.193,30.882393,82.30058,52.48179,65.829414,76.6206,86.81881,120.34501,93.774605,61.024483,80.3082,41.870678,79.57385,88.20771,104.88605,126.18519,151.67342,147.2216,131.6153,112.202446,114.164474,73.40621,78.13405
2024-01-08 01:00:00+01:00,83.849884,82.601006,85.33768,81.98822,103.58815,125.14871,112.34226,122.32295,150.34924,117.08148,93.61838,71.053825,69.73428,111.46917,154.01749,112.36645,173.01854,153.69719,138.66017,162.67978,121.71447,82.79454,114.02602,152.88968
2024-01-09 01:00:00+01:00,85.75446,92.03745,127.67209,140.124,110.9014,119.420074,191.80203,241.73149,202.9111,172.97136,144.68407,116.02164,148.24396,130.00458,140.95154,141.19864,199.3243,225.8666,197.99759,182.83417,111.449486,125.227356,118.41146,178.2984
2024-01-10 01:00:00+01:00,94.94488,40.999996,101.27525,94.609566,87.91216,91.03813,175.3818,176.1645,116.80316,202.79163,121.12997,131.3279,101.79077,188.56874,175.35071,128.54433,189.3433,189.89488,149.51285,137.84526,87.22978,111.322685,107.435036,68.28237
2024-01-11 01:00:00+01:00,156.79889,115.80273,140.24367,99.57022,129.42224,155.44965,206.8454,232.26132,222.44426,237.86218,189.93677,231.63406,218.54507,187.57437,237.34204,168.53838,257.85663,210.33253,195.45032,158.35014,141.23988,150.73158,114.04741,159.28172
2024-01-12 01:00:00+01:00,176.75122,129.30862,167.86615,141.95753,140.9923,172.99905,197.62875,237.32878,203.69214,171.70337,210.5963,181.0041,135.70937,163.18668,192.5154,219.0707,221.33704,180.55692,183.61871,207.63953,142.1523,148.41197,135.45915,137.0283
2024-01-13 01:00:00+01:00,151.66891,166.18227,129.14212,140.03426,114.50536,144.14964,143.73917,115.5452,165.63864,157.4296,183.09433,153.33028,143.57137,150.31798,162.97849,175.84822,162.77283,198.15356,151.0493,145.03096,164.72832,128.59158,84.71271,99.27815
2024-01-14 01:00:00+01:00,70.18936,74.838646,40.253254,27.47025,37.883892,41.42611,37.455814,65.25792,32.45726,71.27814,58.57177,35.381096,30.61999,42.389755,82.06388,96.9599,116.38842,129.22633,103.954605,108.80291,63.850647,84.71778,101.028725,63.84762
2024-01-15 01:00:00+01:00,76.121284,39.424923,9.880271,48.25003,103.44232,88.7898,126.31285,146.88834,109.86647,122.81184,108.8712,109.505295,102.42585,106.042496,83.81179,126.41985,177.08044,145.75864,171.97957,141.95941,96.994804,110.006165,109.42935,98.729576
2024-01-16 01:00:00+01:00,59.56557,58.698696,75.3702,90.839066,101.422966,118.96736,159.55238,158.35902,138.79495,102.546394,100.367294,100.11676,105.35132,134.7111,124.54944,139.01755,151.428,177.8258,159.52763,145.2644,122.66822,147.04787,88.40313,104.70528
2024-01-17 01:00:00+01:00,30.77621,89.69223,72.006386,76.25975,73.27331,101.85714,123.83269,180.86855,147.94237,124.89003,141.49844,123.17171,125.10272,125.28153,100.99198,102.65171,155.71548,179.21466,139.91911,142.40366,102.110664,93.540634,109.7008,89.9809
2024-01-18 01:00:00+01:00,134.80133,131.2531,114.676926,143.89441,113.884926,130.70026,175.01448,151.63998,140.37494,163.08745,150.64221,153.5171,134.60873,145.2734,194.19554,177.34343,195.6482,177.08723,149.16379,164.29337,141.81494,102.46734,121.413155,106.40736
2024-01-19 01:00:00+01:00,129.26974,122.46694,105.36822,84.24155,103.92322,113.7988,125.13672,143.60422,175.0908,136.64679,134.7249,148.14268,120.45901,88.46373,107.294,137.7482,156.70645,153.85316,121.43443,136.50468,95.71667,123.77618,113.6355,120.7726
2024-01-20 01:00:00+01:00,71.558784,71.82716,77.21533,63.963535,82.41765,80.06146,114.17041,83.11513,67.7662,98.04527,99.5226,72.749405,79.90185,56.72353,78.291336,120.89829,142.3692,151.55049,125.17212,171.59433,113.27473,103.88214,123.85539,70.0795
2024-01-21 01:00:00+01:00,53.004917,53.96807,41.948788,34.543068,34.76889,53.68517,43.893147,79.657036,57.589546,49.93558,58.523365,52.8356,40.403133,39.299183,72.26907,60.696774,106.06464,117.802605,124.853905,109.49601,102.02756,63.44323,93.850296,103.679924
2024-01-22 01:00:00+01:00,44.164265,37.992527,51.916145,16.259457,44.561367,43.665726,94.045105,123.412506,76.81876,71.48808,76.091415,75.725204,39.773987,64.72546,84.71099,102.94325,107.87711,149.82574,131.2466,108.65307,108.76854,104.73871,83.77971,88.68476
2024-01-23 01:00:00+01:00,48.74333,22.684715,40.82528,27.829382,61.702972,45.013996,113.466225,93.106995,67.91317,97.93913,109.674446,80.54372,51.17906,91.08752,75.72336,96.57327,116.92685,143.37901,128.97198,109.818886,116.00887,92.71325,67.96743,70.56699
2024-01-24 01:00:00+01:00,43.449192,33.123726,8.207077,46.611286,64.96777,89.26505,100.18415,90.26201,91.616905,89.05871,88.97303,89.14971,56.940926,56.112595,53.531075,109.28205,136.21768,113.90277,124.2838,103.233925,112.71244,93.09378,88.33811,63.220966
2024-01-25 01:00:00+01:00,77.538864,84.17141,44.99546,58.767517,75.402855,85.40082,76.4604,136.27579,113.77179,101.304016,117.09146,94.99476,89.67595,85.18825,88.01368,112.30286,140.17288,128.45398,150.1319,120.01632,145.02925,105.44584,94.22363,93.10355
2024-01-26 01:00:00+01:00,76.22992,79.28043,51.47915,61.787712,86.23713,111.69041,102.623276,126.35811,114.541695,118.78978,91.98128,102.953316,110.22385,101.14157,112.1657,122.66654,108.50196,126.53135,112.85819,112.387886,102.02584,89.44386,88.562874,102.22638
2024-01-27 01:00:00+01:00,85.68941,72.74253,62.307404,72.43622,73.05346,52.53175,51.666958,125.91669,65.402275,62.49526,50.983845,69.548805,76.47285,77.2132,76.18393,110.16951,109.40779,93.83017,102.62061,102.4184,81.38969,94.56001,71.48039,70.33601
2024-01-28 01:00:00+01:00,76.90723,55.936813,41.417107,57.184017,54.341484,68.43851,71.119415,105.63893,82.9612,80.8794,76.53749,72.91553,50.781467,63.733624,82.391174,112.42901,131.58829,98.20464,137.4772,131.62029,134.14673,112.87296,79.5527,70.41928
2024-01-29 01:00:00+01:00,78.08683,35.2243,85.475,77.518036,60.32766,58.716045,97.600174,118.780365,86.47944,92.22563,107.03606,84.94144,52.744396,82.27035,103.57788,109.89119,131.84198,120.182816,144.90015,105.97462,126.36289,111.65264,91.79068,62.413994
2024-01-30 01:00:00+01:00,78.72305,101.478615,88.36005,112.58265,78.205246,102.09536,128.40405,139.52925,133.93445,168.17859,132.28474,87.24419,112.387474,120.04439,113.33287,112.80688,124.59841,146.03925,152.11823,123.15133,110.17986,112.45748,83.27753,92.94865
2024-01-31 01:00:00+01:00,81.64124,83.9336,90.79684,93.13486,59.45841,90.07321,144.83542,120.55933,144.52612,136.47726,120.45929,125.7725,90.8781,115.61046,115.61934,114.193855,120.53945,155.38242,127.91121,129.28342,107.517975,106.94611,90.77249,70.80014
2024-02-01 01:00:00+01:00,75.031204,26.31998,46.158577,86.74491,45.99998,62.856762,102.00595,125.87888,150.57858,122.95091,103.526855,80.70411,77.876434,101.179504,103.51425,108.32454,171.72894,138.44035,111.18585,154.40625,118.95332,132.54482,86.75322,101.43123
2024-02-02 01:00:00+01:00,91.97113,83.750496,84.003975,113.85072,119.08074,112.22606,165.88051,147.06656,132.69695,112.43559,111.591835,104.6475,110.1477,106.81211,115.42285,138.46147,157.00572,186.77321,174.03264,152.84186,134.00635,122.20057,104.61027,128.04105
2024-02-03 01:00:00+01:00,64.17447,64.5505,53.938652,33.39423,55.70788,61.319412,79.09696,103.799736,92.962845,60.72595,45.864056,61.40027,37.071968,80.99851,47.607628,93.50962,102.2941,130.94052,105.75861,98.2952,109.218834,123.10624,70.44784,113.30787
2024-02-04 01:00:00+01:00,67.723724,34.142773,49.683,67.50318,53.572155,49.29854,55.52731,102.34184,93.11477,100.09474,46.14131,54.77537,37.436172,79.51047,78.0372,64.98905,126.161255,101.37386,126.554596,133.57172,107.12542,104.20179,120.56605,78.09772
2024-02-05 01:00:00+01:00,68.49997,44.876144,66.130646,66.37418,75.604004,75.115326,127.80486,143.10768,122.18347,104.05952,88.0485,67.01421,75.373436,78.12435,127.21328,93.50741,134.18147,153.55983,158.07481,134.18512,123.10067,86.408485,111.01642,80.09698
2024-02-06 01:00:00+01:00,54.669968,47.57023,70.26146,59.230865,66.10859,105.5832,110.66493,143.52193,124.3953,108.006325,105.32403,77.53666,92.340034,103.55873,83.91142,119.889885,126.14153,170.83405,144.93742,123.709564,116.06292,121.13459,120.79179,94.2992
2024-02-07 01:00:00+01:00,82.723915,40.589104,76.83676,33.432037,71.29049,79.89027,110.4946,124.262726,79.149,102.052925,75.37499,85.09836,65.75588,50.285915,48.228096,126.92277,120.23887,148.34703,126.04165,118.58765,93.246605,115.911285,116.288704,81.4297
2024-02-08 01:00:00+01:00,146.52834,128.19836,144.36368,131.38702,134.88406,129.23456,157.98639,200.18388,192.80836,160.10637,140.533,188.35188,135.22266,160.67426,137.03857,187.06494,196.09738,153.23608,176.48112,154.09863,161.13585,135.12724,93.79125,122.74678
2024-02-09 01:00:00+01:00,107.01584,59.686604,90.913,53.95383,83.312065,86.78157,155.74187,141.24307,146.90404,120.320946,135.48592,122.78741,106.93507,112.31902,121.29155,118.90079,131.8804,168.53957,134.03593,112.16644,127.45122,122.30278,89.91147,101.70579
2024-02-10 01:00:00+01:00,58.841373,65.951385,67.857155,50.175766,63.36426,66.39039,93.0973,105.53631,102.02277,99.75521,89.11337,48.372578,56.500736,60.126183,63.732025,106.09544,112.90639,134.87698,128.5131,96.20964,116.97595,111.620926,99.10164,92.86853
2024-02-11 01:00:00+01:00,93.10061,75.91612,71.62724,63.39143,87.781715,89.9715,86.60923,75.72606,105.21273,100.44942,52.72095,83.43936,69.9892,73.8482,98.99799,113.07546,104.11975,148.82008,145.48506,120.99985,103.55697,120.47418,108.35748,96.80879
2024-02-12 01:00:00+01:00,142.7276,97.63303,93.21849,126.34637,119.16622,124.73463,173.69891,178.325,132.46089,134.50627,137.33493,89.62271,104.72598,117.74721,151.1448,122.58225,161.90813,188.85623,143.64505,145.75983,131.5403,128.396,112.29447,117.259346
2024-02-13 01:00:00+01:00,102.70568,112.17994,114.66097,120.121475,98.20923,141.02405,150.35085,161.76242,152.24834,140.4154,122.01211,98.05223,83.73073,136.71057,104.27041,130.1685,138.30144,188.14851,138.66818,149.17729,123.82462,135.62386,124.89224,109.65955
2024-02-14 01:00:00+01:00,62.20957,54.45597,53.685986,78.42702,73.99174,77.52516,115.63591,125.82017,113.49462,91.10871,84.69847,81.386696,92.304276,100.01954,82.03258,97.36564,146.55547,119.69888,111.96758,90.223465,108.06259,98.85045,106.354454,95.183754
2024-02-15 01:00:00+01:00,67.46807,68.521774,66.39317,60.72685,68.793465,107.82502,111.027176,107.37575,120.02335,122.484375,117.47064,99.06919,94.7725,110.92018,110.92644,117.09539,131.14397,170.04913,134.9976,114.53392,128.74347,123.22052,89.07282,86.38484
2024-02-16 01:00:00+01:00,95.13371,72.37075,61.03148,78.66413,62.9244,91.270004,118.96229,123.70703,115.347565,121.92528,92.98539,59.078983,85.15167,100.75331,80.36626,103.383194,96.21246,141.78453,115.96828,109.83791,93.89526,104.2749,86.258446,74.37849
2024-02-17 01:00:00+01:00,119.50563,111.70784,110.5489,84.99492,100.0785,102.64128,109.549934,104.714035,118.70553,97.44505,93.80345,79.39165,71.44655,91.112434,96.83007,87.185265,126.514206,144.73726,121.61529,119.7504,121.38141,98.67777,109.35005,84.9916
2024-02-18 01:00:00+01:00,97.61408,74.594124,83.099045,56.265953,61.48243,68.29522,57.026443,83.38666,73.9223,47.412655,44.2193,57.082745,63.11937,42.418644,26.793148,95.90267,92.80711,111.80481,110.761375,102.92615,94.814766,76.09919,75.56186,86.14159
2024-02-19 01:00:00+01:00,80.27063,74.238754,53.296085,75.656624,96.04429,88.248955,123.31774,123.06045,130.86803,115.611565,102.73183,75.107025,88.46815,100.01802,99.42431,111.31458,119.3983,148.12236,151.6368,126.57309,126.30537,118.98185,87.5356,92.77761
2024-02-20 01:00:00+01:00,101.39964,83.602295,79.76866,64.27177,64.29587,109.40517,136.11118,139.93724,110.665634,96.853226,106.67999,78.14546,94.25002,65.18586,107.07517,101.91958,139.36972,157.65857,149.63142,120.18846,117.48013,122.009285,88.12886,92.34053
2024-02-21 01:00:00+01:00,75.68948,52.34631,49.758,23.072979,65.477684,48.14618,69.567505,120.601845,102.802574,85.234856,82.35358,59.397606,53.25292,78.91774,54.592594,78.73664,101.63042,156.0326,94.40972,112.67275,101.91835,83.24811,75.19331,61.27027
2024-02-22 01:00:00+01:00,56.626476,53.689713,35.615963,60.465958,54.51137,83.09005,95.71499,91.38151,89.37897,73.229324,81.9534,75.137794,71.61861,53.440483,95.03154,84.97683,128.82396,120.423325,113.06331,106.93994,107.65166,92.34704,85.168365,68.96221
2024-02-23 01:00:00+01:00,64.10061,51.402676,32.974457,37.817112,45.297512,63.16352,80.85019,86.866356,83.3504,71.79762,71.18603,38.481285,65.33632,75.035866,88.74278,71.318436,99.43225,120.20548,114.52983,103.0446,80.67858,59.7033,81.34451,75.414925
2024-02-24 01:00:00+01:00,103.79356,79.9829,72.89744,59.64352,68.28192,83.54517,107.75755,125.09912,108.10445,107.22644,94.06049,103.70214,82.36151,79.67312,90.992256,102.41534,107.26306,125.73408,125.25047,116.35319,102.861664,112.036446,86.499,82.40063
2024-02-25 01:00:00+01:00,79.82897,82.34821,45.442276,63.178455,62.743217,57.33905,100.51869,124.979065,93.57713,75.646065,69.04347,72.27693,53.218586,55.59061,83.428024,97.88009,113.482346,123.21516,106.749794,115.85367,100.056694,101.63696,96.169945,71.99337
2024-02-26 01:00:00+01:00,104.54013,75.24586,74.61565,91.40942,84.52453,121.705925,118.718376,152.38231,115.63186,115.428085,94.17907,105.1327,73.06201,93.22451,99.60369,91.08097,121.935425,131.49509,121.22698,133.25023,96.75981,127.6394,117.73251,85.52639
2024-02-27 01:00:00+01:00,60.806637,54.4439,51.185158,56.518616,61.435863,111.425835,111.53353,137.2017,112.869194,100.77295,103.21817,79.74202,79.3324,119.81202,90.558205,102.54749,96.87852,125.52421,139.39043,121.10313,111.7321,88.45784,81.452736,90.14396
2024-02-28 01:00:00+01:00,128.84769,113.511314,106.69975,121.04077,138.97891,142.00345,140.88881,157.24715,151.3512,135.19847,131.87946,116.07679,115.84688,113.81786,140.19478,112.65299,158.90556,165.47354,146.35214,134.64207,123.26741,108.779335,107.89061,102.743774
2024-02-29 01:00:00+01:00,59.836445,64.59825,72.78496,54.142586,67.492134,78.93836,101.40942,128.9887,115.57752,110.70115,123.66399,98.41124,85.859375,117.76267,86.58435,101.52121,111.34461,127.75139,109.3055,87.55929,103.10143,88.220474,96.34937,87.310265
2024-03-01 01:00:00+01:00,85.864655,82.17129,77.950455,61.515778,44.990265,84.647934,115.72875,120.14803,132.84818,108.63281,36.083813,82.17158,57.233852,75.26926,77.53412,109.784065,95.731766,101.42955,112.80802,110.14581,104.27523,83.818214,86.81741,67.60801
2024-03-02 01:00:00+01:00,57.824947,62.422832,35.969814,54.902664,64.358475,58.589897,71.32572,87.15396,89.61588,96.59307,66.64334,56.00662,57.00668,52.263454,50.260876,78.62944,94.31909,122.602425,134.31969,111.19359,126.66028,85.54869,79.04712,87.52725
2024-03-03 01:00:00+01:00,79.87971,80.195305,73.427895,81.41542,65.13447,88.501785,91.316246,81.32409,81.413704,71.64525,55.40861,30.630587,39.050488,58.315178,67.12269,76.09931,103.73664,129.82147,138.22829,114.824554,124.55762,87.64027,79.9802,115.2875
2024-03-04 01:00:00+01:00,125.56959,116.20597,128.44527,85.81899,109.812996,120.505486,160.24434,122.36125,135.741,113.305786,112.591446,100.766975,89.95975,78.34711,93.69551,123.798515,137.7894,187.47069,154.15276,101.989876,141.57307,103.51274,117.633,97.28449
2024-03-05 01:00:00+01:00,140.61061,140.68558,142.43484,120.735725,127.319664,160.94379,144.32326,163.31548,145.40106,151.12619,125.03836,142.44572,129.64713,124.395134,118.66073,137.0267,137.44525,169.67076,186.30772,142.54445,136.14763,123.11786,130.81184,82.366425
2024-03-06 01:00:00+01:00,136.19997,137.03796,120.750626,119.4492,111.72727,157.29338,164.21063,171.63762,151.49706,151.48479,133.68109,115.58407,103.88595,130.72595,122.68724,136.21425,157.33054,167.34277,160.98698,160.58269,59.298546,113.66561,94.31381,91.961105
2024-03-07 01:00:00+01:00,122.00777,105.85755,109.91921,87.15736,129.1603,111.88755,154.52371,166.42946,146.49687,128.23119,114.361,89.10667,114.076546,106.755684,89.64027,121.549866,129.46063,174.60535,149.50487,124.37591,110.89698,91.34337,121.33791,98.55981
2024-03-08 01:00:00+01:00,50.35887,68.07766,59.943237,64.724724,78.00995,88.40337,101.488594,125.649216,106.47978,73.0233,80.41515,58.960773,52.89616,43.637085,64.25921,47.27816,101.19215,132.76009,127.11275,112.67889,83.486206,89.44947,80.18724,86.999664
2024-03-09 01:00:00+01:00,72.66036,43.0561,16.382046,80.15177,42.31058,48.530354,52.77038,70.73078,64.10294,45.62346,63.24503,13.518196,3.6098027,50.385384,55.331932,73.76849,63.048542,120.441864,132.93529,79.52962,92.6441,68.542274,62.674065,71.015854
2024-03-10 01:00:00+01:00,54.189762,62.15994,64.03776,58.03215,42.47556,51.958702,59.218224,73.44954,58.839043,37.226593,44.395817,8.372342,24.325953,53.712257,41.788353,56.292015,81.78601,115.9335,115.17984,103.34891,104.54238,83.669395,66.257164,75.89832
2024-03-11 01:00:00+01:00,92.65305,82.69683,100.076614,93.5919,84.970856,116.890274,130.87793,144.27951,101.66364,98.1278,98.61717,77.140045,76.23307,81.17249,96.67884,109.06461,125.60944,156.48505,139.47041,125.41737,121.76272,90.71722,118.94085,110.22626
2024-03-12 01:00:00+01:00,96.2125,107.42894,109.77785,82.74929,103.72813,120.22983,159.77768,146.5853,134.98203,103.04718,133.04114,103.2061,103.97327,99.00863,98.52331,125.46431,127.25551,158.86874,145.73041,116.97836,97.15205,106.684654,100.77614,81.95467
2024-03-13 01:00:00+01:00,92.93154,89.01685,83.54112,109.08135,113.34118,111.10844,139.76064,139.35483,136.52354,102.880936,81.91785,94.600395,75.92308,65.472244,87.658066,95.6442,125.604774,141.01779,137.71976,112.19287,104.74349,104.68424,101.52497,98.521385
2024-03-14 01:00:00+01:00,66.91585,69.861984,53.28295,47.676655,62.14435,92.17453,105.99912,118.90144,121.520195,90.351166,111.6587,82.36487,63.692787,90.180176,81.428474,81.35134,117.55354,115.64376,131.83232,105.13041,101.69682,104.089554,75.55028,67.63669
2024-03-15 01:00:00+01:00,64.3552,43.499355,86.26065,45.574688,60.8647,95.27038,119.37915,95.34071,92.57699,60.51899,72.4737,57.034218,48.455925,65.82949,101.4514,100.50756,96.46521,133.27327,104.65356,107.78627,57.87646,81.148186,94.64512,76.680626
2024-03-16 01:00:00+01:00,47.986275,46.95786,63.784523,47.265842,33.77558,84.33561,53.553413,49.43815,73.65626,54.356625,26.196081,31.576023,36.357834,23.833347,21.371227,39.951405,72.43184,82.6402,91.816216,67.710464,74.223694,86.82139,68.73512,59.473507
2024-03-17 01:00:00+01:00,92.50265,108.59067,67.17981,85.62267,84.816475,61.990417,71.35706,60.726604,81.84161,85.74227,67.365326,55.447277,56.71453,67.025955,71.06336,82.63152,128.35585,100.3639,106.23919,104.86121,97.23675,97.37856,77.31513,71.353584
2024-03-18 01:00:00+01:00,72.06723,68.25708,58.014515,71.43472,75.175766,97.35557,126.882545,120.849236,112.20584,77.164795,76.52927,67.60678,73.47707,81.2502,78.626366,82.865204,116.50393,134.73894,123.31307,116.84878,102.68518,90.63248,83.01975,59.4438
2024-03-19 01:00:00+01:00,69.593445,114.51477,116.696365,105.34359,93.86487,132.78403,135.98552,132.1703,126.60455,102.62741,94.808624,119.27825,98.02379,106.41775,99.63749,106.954094,123.39507,158.09749,140.95845,153.80968,108.044136,95.14325,92.116875,131.74947
2024-03-20 01:00:00+01:00,102.54275,114.057884,84.20791,90.26196,114.80488,141.41309,168.06566,154.50587,124.99617,131.83699,111.770485,123.66906,83.480606,110.51661,99.74126,116.39971,140.23541,142.30803,126.516174,102.40543,102.44893,111.89618,96.3344,103.91045
2024-03-21 01:00:00+01:00,80.95072,86.2469,104.505104,108.51141,108.34627,141.02266,135.39615,155.40271,137.08923,94.846634,93.6942,132.96336,122.55639,82.46888,95.26797,125.31676,153.07536,156.06078,131.25568,120.807945,122.05216,145.48941,115.28745,106.46247
2024-03-22 01:00:00+01:00,69.99644,50.77365,71.86837,38.58951,78.55051,106.66608,112.50528,94.63403,103.98141,99.45386,73.165695,60.08907,82.14805,73.57909,56.183502,97.30492,86.33013,122.99449,125.76521,96.08586,61.97045,66.3329,52.85168,49.0721
2024-03-23 01:00:00+01:00,76.70501,81.74321,70.32427,87.74788,107.923225,104.94137,105.56266,96.50322,95.08936,99.15369,79.143684,75.70196,47.6057,40.96182,31.827747,90.97933,86.43345,105.50145,93.5953,66.65787,94.08087,79.3747,98.58375,64.50561
2024-03-24 01:00:00+01:00,51.60853,19.773771,29.555073,5.6116457,20.999083,65.70183,56.86629,17.854254,14.661019,-10.469177,-23.323542,-26.592678,-11.103151,-19.326525,35.633064,33.86617,89.39349,114.69419,80.96885,90.81844,51.65493,112.627495,69.86853,29.576473
2024-03-25 01:00:00+01:00,56.26632,71.405754,84.47375,62.793095,72.61139,103.57264,107.01903,121.90282,106.39615,85.77439,101.77244,58.78765,43.18024,31.593578,70.1946,85.15147,103.684715,135.45535,137.08627,76.717896,105.95571,84.24027,82.94729,74.83582
2024-03-26 01:00:00+01:00,82.18205,55.023987,92.58186,59.992096,80.67637,102.86473,104.74922,123.38734,118.836136,104.87549,61.53378,82.33815,69.25591,98.670616,82.11626,74.08789,125.27044,102.446434,133.62425,113.577965,104.80319,97.82702,60.091686,79.377655
2024-03-27 01:00:00+01:00,58.201057,56.334366,50.763462,50.154938,49.13589,101.75824,100.14057,101.019806,96.44994,59.016582,60.465794,70.28843,83.9167,64.02054,74.87383,64.99883,119.14977,99.43994,99.3775,116.25785,82.35394,93.26113,70.65643,107.29985
2024-03-28 01:00:00+01:00,69.73273,72.39383,68.81614,64.282364,92.50085,97.39951,130.46114,112.01672,61.299324,72.45492,77.60016,91.10814,63.259964,56.684864,80.74978,80.49269,103.66863,129.56042,114.79084,92.00926,87.55151,70.35991,75.32425,70.833855
2024-03-29 01:00:00+01:00,21.295324,46.569183,24.58762,16.487122,49.362778,65.128494,77.17196,50.42962,72.44281,69.18419,37.98508,55.995857,-7.81818,-1.0444692,51.69098,26.389662,52.72672,89.70365,72.986725,76.972244,72.94032,71.57348,33.405933,50.42626
2024-03-30 01:00:00+01:00,84.88776,73.65969,67.98866,59.01552,64.59403,49.394447,72.08482,53.392693,66.95697,57.288353,39.690475,27.630032,8.737244,79.975006,67.58465,38.002018,69.29651,94.273384,98.429855,90.912674,90.77323,53.282993,66.76621,46.420246
2024-03-31 01:00:00+01:00,89.17467,95.51592,106.44238,85.51027,50.817924,70.29301,82.51123,73.536736,42.602486,48.756954,63.83485,28.42072,12.822191,54.863712,52.342136,63.43337,79.93335,94.83518,105.60877,95.88565,65.90216,112.90758,92.31234,78.700714
2024-04-01 02:00:00+02:00,38.292778,88.95944,108.02605,84.79639,114.2227,196.05212,174.69627,74.71233,60.0396,68.553444,92.3366,102.86751,41.578938,26.639832,62.274384,111.524734,125.02657,117.79545,162.59933,124.71184,132.65709,93.30356,101.5755,103.68639
2024-04-02 02:00:00+02:00,117.67989,114.12499,51.453003,115.75211,91.428314,101.02353,148.34605,122.08118,100.70572,68.65693,104.10052,89.52566,41.384785,74.89597,57.052467,118.29812,76.152664,131.2902,100.88285,135.13007,132.02489,98.64312,85.13387,109.27579
2024-04-03 02:00:00+02:00,60.949112,95.65378,112.21063,142.17899,131.29234,86.085365,101.452545,77.2202,82.65992,136.99324,27.773571,39.092796,28.262287,9.920493,105.13102,132.09628,97.25389,97.63614,158.79152,128.77133,93.18642,121.73031,60.357323,86.01699
2024-04-04 02:00:00+02:00,62.832623,71.613205,53.07239,93.719444,65.11966,90.58476,49.06077,61.316265,129.52692,62.94408,82.951744,71.10248,118.37684,10.027983,103.19334,94.854126,118.58773,146.12894,133.27838,116.98217,113.07616,100.69017,79.281044,85.89882
2024-04-05 02:00:00+02:00,97.37832,71.91174,84.69622,62.280685,75.46386,149.59952,99.68021,112.41894,84.37117,69.5504,29.834293,30.741308,105.6386,16.015467,42.57147,56.761463,137.78723,120.73033,99.11031,131.45384,95.8102,86.55464,93.62845,81.436165
2024-04-06 02:00:00+02:00,52.35752,72.31171,104.9813,92.5961,88.364586,92.80441,131.70879,67.847824,85.41301,49.88607,1.636193,-13.547312,10.582496,-6.488242,24.29686,73.515495,75.54181,94.94676,125.58575,125.17829,74.16858,62.31379,80.280205,67.91116
2024-04-07 02:00:00+02:00,58.8996,73.81833,103.82653,68.6904,44.05076,109.7285,63.950363,55.64319,43.49944,15.946276,8.610236,-0.24003327,-53.35781,54.05817,23.031244,53.051643,112.291405,113.82531,95.8064,95.39624,110.98507,98.68555,91.739006,77.75622
2024-04-08 02:00:00+02:00,94.67274,70.301765,63.950893,93.71122,112.136246,155.19075,138.19943,146.20398,99.94507,84.93546,71.702286,71.876144,51.44703,64.579834,69.388695,94.24769,106.76469,127.67667,128.6359,129.28902,78.40198,100.48644,103.71483,94.76137
2024-04-09 02:00:00+02:00,98.37167,76.77891,80.550835,78.93476,103.231346,118.932335,157.54735,110.0364,79.512436,68.028725,67.03873,77.25789,30.237984,29.52148,77.00076,94.643036,93.41167,112.98679,133.35126,118.43605,125.25432,93.40528,94.25489,86.80072
2024-04-10 02:00:00+02:00,47.44396,51.15459,44.16488,65.29167,62.755207,107.667656,100.27,97.216125,83.99821,58.395702,25.959908,27.402327,-5.0170984,20.292398,15.282227,49.16453,63.359966,115.535866,122.36686,115.98853,88.51512,86.63264,89.88258,74.44809
2024-04-11 02:00:00+02:00,51.994423,45.390804,54.38142,37.780247,104.70483,108.02187,108.035866,92.76869,49.861317,77.793945,48.07871,48.708263,20.381804,57.11495,57.460575,70.799034,116.190994,124.707375,126.04959,107.80976,85.46211,90.54356,70.66086,64.106705
2024-04-12 02:00:00+02:00,72.68749,56.082764,73.178505,90.957436,96.68375,98.023994,116.22504,91.47918,105.29297,45.603657,75.91138,48.868412,45.167477,52.608345,57.383568,109.93088,104.01917,105.58574,91.390594,86.1093,106.85221,75.159515,82.31143,102.48874
2024-04-13 02:00:00+02:00,75.49488,56.3002,33.77378,71.97463,66.03048,89.32181,80.03139,74.25021,41.88962,54.666164,16.945232,-5.777548,2.3878865,21.81702,28.613031,40.180504,99.40623,85.10519,90.53775,92.916115,84.95326,73.158455,65.74655,57.764877
2024-04-14 02:00:00+02:00,34.689674,60.74567,36.216015,45.816223,54.36575,83.75741,52.709698,43.024387,7.743892,20.486797,-44.55214,-62.11143,-48.506927,-28.612402,31.785276,20.38618,92.91992,94.19282,107.03892,94.81214,55.575592,102.93858,73.304695,50.763706
2024-04-15 02:00:00+02:00,95.52046,82.548134,96.79181,95.80468,102.792015,114.11333,127.74946,111.83644,94.93829,82.62887,53.87482,46.94505,71.545,53.139862,58.166607,81.79444,105.40778,141.782,149.75844,122.14403,125.56022,111.8986,102.21414,69.21835
2024-04-16 02:00:00+02:00,46.886005,33.852177,38.951057,50.42164,81.9027,73.50621,84.99078,93.92166,79.70847,78.150375,48.690956,32.32195,8.769323,36.98248,44.020603,77.836784,99.45156,112.116234,133.91563,133.2921,71.6707,96.14016,75.91628,77.69419
2024-04-17 02:00:00+02:00,67.2796,89.054,65.898315,61.9673,107.63111,108.363945,111.2206,102.32662,48.30396,73.63244,53.939472,31.647179,19.658464,25.46808,62.183754,78.38806,115.93665,115.91832,121.44425,119.933136,81.42008,78.993805,89.10515,66.626236
2024-04-18 02:00:00+02:00,111.24191,113.17018,101.403366,103.14313,132.59175,151.95996,136.21945,145.24966,115.98665,87.621445,107.55177,71.66116,74.66552,89.40045,79.580315,104.93683,139.79996,125.836494,155.51851,129.00113,108.78343,99.278404,101.51916,100.58874
2024-04-19 02:00:00+02:00,43.32386,31.93045,64.971375,45.87056,63.814926,86.590164,95.50406,53.18479,69.949715,74.17443,45.682423,30.088676,28.0167,39.10671,29.649797,51.892006,96.638,118.71183,85.7773,110.72181,91.613754,58.492348,71.44618,70.75268
2024-04-20 02:00:00+02:00,41.16866,57.045795,38.60146,24.440521,33.67746,57.175137,61.75359,51.06895,31.750578,12.034982,-13.112809,10.199509,-39.14503,-24.545214,13.735427,33.02724,86.688324,125.5076,122.4248,107.46511,79.10379,64.28936,98.42135,63.737797
2024-04-21 02:00:00+02:00,41.689945,32.35509,70.52689,72.64588,57.707104,35.55749,65.36922,77.51681,60.493866,19.237629,-16.681501,-48.7037,-25.810665,40.675972,31.614937,64.914536,90.27322,93.183266,131.89885,103.68942,131.53726,82.00946,92.65899,62.051632
2024-04-22 02:00:00+02:00,100.62913,81.528885,62.771286,68.705536,107.93378,92.19323,132.5539,115.81983,128.52046,69.87634,53.774902,38.93113,32.222763,35.96871,106.05927,78.59911,125.01626,124.81978,140.35197,138.70543,82.9177,113.398384,127.97676,114.98246
2024-04-23 02:00:00+02:00,94.20628,95.925095,108.96384,131.645,120.184814,129.75543,160.3542,129.9845,101.678535,94.34319,32.220062,73.41636,67.00186,80.37072,110.46383,52.386368,127.34172,140.35898,181.71672,161.16948,136.2555,152.47295,115.81062,127.9795
2024-04-24 02:00:00+02:00,88.93563,57.022064,78.30247,87.73315,113.445274,145.28682,128.65472,151.06534,53.520805,82.57277,103.000694,17.966368,95.59211,83.19831,74.10418,83.27663,127.19098,126.79609,114.57868,133.9775,123.01131,117.59524,90.64507,84.38746
2024-04-25 02:00:00+02:00,62.97931,77.22617,104.43972,80.383896,104.157845,126.87318,144.47514,141.92787,129.6513,114.988556,112.821,92.09797,124.39432,81.77325,112.79579,111.4485,148.75056,163.0338,152.42944,154.32413,143.86359,92.09171,140.44514,98.729866
2024-04-26 02:00:00+02:00,103.47399,100.254074,93.5723,116.62586,146.19424,163.79843,138.50534,120.00543,80.01601,103.94769,129.84464,108.93728,49.091824,93.42537,111.82678,124.70312,99.207245,127.93277,138.86885,95.73733,121.52589,104.919685,60.78221,112.84419
2024-04-27 02:00:00+02:00,116.63265,94.96387,73.04863,75.87316,135.53638,132.66434,94.08754,123.18333,97.72411,62.70672,39.67194,44.510628,33.248768,99.77182,81.70839,109.726456,130.61339,154.21582,109.65117,79.54926,99.14677,70.21142,56.72513,92.42564
2024-04-28 02:00:00+02:00,74.352585,84.64151,90.2226,63.678547,61.345764,86.677605,40.957073,74.136665,43.470795,30.39396,21.463903,-18.18538,-5.485357,6.0250344,33.403885,53.64372,25.685843,124.20148,112.230965,110.9872,86.79847,62.27766,101.01044,77.04184
2024-04-29 02:00:00+02:00,79.84755,67.03963,75.627045,46.52278,83.374916,102.87942,119.61099,107.84888,92.58829,84.403496,44.051865,65.26471,64.29951,50.72189,83.542145,84.56127,130.68054,140.51086,143.73306,117.12408,77.95442,55.455868,64.71184,78.928955
2024-04-30 02:00:00+02:00,92.79819,89.08015,95.53303,113.752686,97.22631,121.463326,164.87967,132.26956,136.3183,90.5346,74.74846,96.81955,72.56961,73.233826,97.03637,86.21102,142.43803,142.27975,134.42067,133.42053,125.55068,71.88461,76.710495,91.24848
2024-05-01 02:00:00+02:00,76.54604,114.160545,60.869812,96.448715,88.97241,112.37667,98.325066,63.570118,89.728195,66.111786,58.3135,30.126566,53.577435,25.1675,116.76314,41.426315,78.699486,125.06676,116.79031,136.64363,129.8169,63.669178,104.26366,62.66404
2024-05-02 02:00:00+02:00,46.91109,55.521214,80.65656,64.96233,64.10593,90.71701,113.418304,44.196342,81.49472,50.428307,55.303986,-16.54807,10.300615,35.91474,1.6512915,96.53743,72.765854,112.162796,167.90681,125.26046,77.41787,106.76162,110.06926,57.008194
2024-05-03 02:00:00+02:00,80.39052,91.59329,58.37107,132.48802,61.551086,57.42682,44.659813,48.232597,54.636253,-6.8888645,7.6019087,9.096253,-42.024387,-9.715847,54.644722,53.396496,126.19497,120.462074,79.32724,49.22546,105.78918,75.019455,36.084057,36.21049
2024-05-04 02:00:00+02:00,75.813995,98.54205,38.406815,7.47707,50.080143,65.54884,2.4369464,51.604847,24.94495,53.865574,14.297141,-37.810635,-46.42681,-35.014954,-8.778757,22.06097,91.14963,68.396736,146.65428,83.19443,75.12249,97.96332,64.99915,87.30789
2024-05-05 02:00:00+02:00,101.36351,36.529404,97.034615,87.35483,87.38449,52.602905,56.681385,68.63397,49.961235,-19.944174,-4.850728,-14.658464,-38.04681,-9.423902,34.753914,46.053215,80.194565,108.87877,99.5201,94.87144,120.3453,151.86761,92.62666,96.56701
2024-05-06 02:00:00+02:00,107.16212,86.338844,54.504784,133.37077,130.51727,143.75606,159.68434,84.96717,73.85286,69.891975,57.471134,54.419758,62.056133,73.777245,65.52417,69.24749,149.39133,160.69754,128.2351,122.3768,92.56876,99.068825,70.932755,106.301384
2024-05-07 02:00:00+02:00,80.29056,84.99868,77.20502,98.55625,112.94788,158.47589,153.2597,125.84999,101.585075,61.722244,23.494102,35.723904,40.98895,68.57399,24.305984,112.51354,99.17284,93.64956,125.62859,183.22878,128.18187,103.9571,46.84689,78.64204
2024-05-08 02:00:00+02:00,122.3399,88.907234,114.28699,56.926113,125.00034,130.4003,133.03583,100.97107,84.71852,16.454796,-2.493559,28.781448,57.84782,32.773838,36.206276,66.25197,107.93767,162.59251,162.83339,118.04275,76.14788,119.494415,91.11051,79.276054
2024-05-09 02:00:00+02:00,98.993004,45.223328,95.00896,97.22938,88.14564,99.08441,126.06043,96.20542,117.7855,73.34839,27.854382,24.778212,20.976374,47.959557,55.82871,134.66176,83.044304,106.40003,157.33441,121.471466,141.84215,63.338154,111.330086,104.73523
2024-05-10 02:00:00+02:00,98.06782,88.32326,70.7003,94.30485,96.88261,120.11579,130.2834,98.82794,103.30287,70.69404,30.04645,55.453537,44.490047,64.064766,63.3891,60.360718,96.94321,115.970406,144.88976,100.558586,119.53133,97.252174,75.849266,87.565796
2024-05-11 02:00:00+02:00,81.70929,71.67876,64.51007,79.68748,116.81887,61.245026,44.63371,69.559235,49.39862,29.046183,-4.3762093,-14.116104,-1.5448072,-10.711245,55.44605,42.04486,117.423386,72.69445,93.18224,131.37196,92.77884,102.94705,113.8889,96.82602
2024-05-12 02:00:00+02:00,59.991646,89.42062,27.880241,43.65746,61.60694,52.40654,21.74738,15.167372,-3.4135046,-15.776327,-47.36693,-66.3713,-60.71717,-21.641264,36.53873,47.855217,58.96331,138.11371,118.52942,79.76096,85.9791,66.3836,129.51886,54.42999
2024-05-13 02:00:00+02:00,65.19339,59.074112,55.675636,78.51032,84.20386,89.494194,63.93604,90.576454,35.67431,29.49697,17.802206,20.468058,47.106552,8.916503,67.66063,87.95414,108.20936,106.478676,136.26581,105.41159,59.892624,82.93117,54.93401,77.03779
2024-05-14 02:00:00+02:00,69.72414,30.770483,76.19943,95.290794,69.18603,147.0185,56.86494,36.16303,25.925331,60.951077,-20.115004,-9.96708,16.4746,15.722212,18.418177,22.188427,91.9787,107.05717,160.47519,119.66713,108.47712,55.09518,64.06345,83.09925
2024-05-15 02:00:00+02:00,95.30099,84.82061,51.940166,69.50686,99.7246,89.12066,86.74209,69.34892,17.7493,6.8723106,8.93287,-11.991509,-7.6060643,0.60417444,42.119415,45.03069,92.27711,136.7613,142.26695,121.89873,120.90676,91.5286,96.63784,64.6336
2024-05-16 02:00:00+02:00,123.13684,131.34471,76.68181,58.001015,91.16939,113.3528,90.92843,100.83854,54.81588,76.07819,31.334366,35.7782,1.3658518,13.928106,83.754875,74.4924,119.28239,119.68407,85.81048,142.43042,89.10515,109.84401,93.13567,85.50421
2024-05-17 02:00:00+02:00,72.38446,93.82927,55.99377,76.85333,103.19424,101.55148,113.65015,79.62762,86.34985,76.22627,50.007103,14.793386,17.809858,55.131966,82.77077,82.54986,56.759335,89.772964,85.730896,120.787125,94.49103,52.0995,87.586296,78.9686
2024-05-18 02:00:00+02:00,90.7666,61.418312,69.91923,87.55733,75.91621,47.650097,52.541977,50.221348,9.659972,10.929721,-39.383743,4.491409,2.9833982,-33.14605,30.052834,50.602043,77.6065,66.54056,102.82643,98.56271,71.45162,95.558685,80.40312,62.702175
2024-05-19 02:00:00+02:00,67.9448,115.07325,81.18845,73.43878,44.97864,68.47145,40.216263,56.32958,23.602247,-19.587496,-43.536324,-71.49088,-84.18972,-14.90135,14.973505,58.7113,72.35934,113.89786,132.67526,96.99128,88.27334,110.04062,100.893616,84.305374
2024-05-20 02:00:00+02:00,68.42308,8.73618,67.053,90.287704,119.2564,88.741844,93.66519,80.47849,45.399723,-0.89745307,-24.896244,-4.5182333,-22.98843,50.646683,46.400604,64.67501,101.3683,98.24197,152.96085,87.081825,112.08195,103.21265,92.56066,54.572952
2024-05-21 02:00:00+02:00,108.750984,87.01644,45.02934,130.52763,105.96717,129.4912,115.55235,63.376453,65.30935,30.454233,21.823895,44.28804,12.674152,36.269493,57.79037,85.709946,107.550224,114.51072,106.852455,138.76152,91.74616,94.99181,113.98935,73.00788
2024-05-22 02:00:00+02:00,37.21739,65.90503,71.16009,66.25344,76.42075,120.2331,94.42965,48.36104,47.392155,22.447025,-28.45123,9.707355,-13.251765,26.100212,6.102859,52.78511,108.38538,80.59114,127.728836,84.535614,119.042816,56.362804,30.502066,60.72251
2024-05-23 02:00:00+02:00,80.27673,22.715689,58.63998,41.612774,68.032646,95.90386,44.716118,59.44912,29.300322,16.615725,-8.832031,-28.649351,-10.261317,-28.469929,11.657027,50.615997,48.67647,111.86205,143.12822,117.918236,103.14342,87.822716,46.112995,27.468204
2024-05-24 02:00:00+02:00,89.17676,80.82875,79.26161,98.435745,123.28194,132.72081,103.822685,66.28094,47.993435,67.59242,5.961121,4.9924016,5.358776,43.251804,54.476185,91.2768,92.35501,96.48186,112.19451,112.393,80.902565,86.68407,88.519745,73.44405
2024-05-25 02:00:00+02:00,98.02482,92.12293,63.530468,37.998745,72.77751,61.329113,75.18374,58.1592,19.883347,30.126034,-7.733645,-16.958021,-21.9506,11.711162,62.581264,50.33792,81.969444,76.93247,118.30311,64.29043,77.89645,43.924118,77.676186,44.679863
2024-05-26 02:00:00+02:00,65.298225,103.64408,62.61179,68.66523,77.02715,73.428185,52.277817,14.286298,10.737614,-16.435179,-28.006374,-81.80129,-47.987114,-20.906673,11.567786,39.636833,46.482273,102.37867,109.483734,100.49917,126.49199,111.46577,89.32275,117.89377
2024-05-27 02:00:00+02:00,39.286457,34.421543,76.84351,57.45538,88.55952,90.1803,94.70347,83.50773,46.479534,40.139626,-13.011662,-30.11673,3.5544825,19.968332,23.283623,70.71736,84.739426,121.704895,126.548294,80.34314,89.34984,85.036285,76.94115,84.61095
2024-05-28 02:00:00+02:00,102.816734,102.59488,86.539055,68.2791,59.956947,137.04765,108.62348,95.243416,48.938507,36.562504,5.2555413,32.47547,-12.128542,24.218176,33.52226,64.23883,73.065895,126.39399,104.75303,99.861885,100.669304,87.86503,113.418106,88.1843
2024-05-29 02:00:00+02:00,61.60592,39.47517,47.889874,53.43754,59.516308,76.98349,70.76835,64.71171,44.63809,-4.760137,21.720127,20.822401,-30.258018,14.6482525,28.216297,54.607365,65.66406,81.322296,105.53238,94.27965,72.413795,46.035336,54.37655,34.75244
2024-05-30 02:00:00+02:00,100.65343,67.28251,56.424057,109.9675,86.03974,97.33486,111.35578,56.825047,59.198708,32.001648,13.686694,40.370358,-0.37612453,2.005227,63.56193,64.28093,90.958786,136.06126,120.983894,101.58246,104.44361,117.09858,109.65039,82.48209
2024-05-31 02:00:00+02:00,81.4745,66.92964,39.44759,100.597984,112.80225,83.29848,107.62764,104.22139,60.66056,28.116049,41.48941,12.884222,41.9841,28.720726,35.41305,71.011765,57.581898,109.34584,147.13383,97.726074,83.600655,64.05057,57.944916,62.73045
2024-06-01 02:00:00+02:00,59.447525,70.600174,48.684982,55.68284,98.0109,68.88021,47.555294,21.490335,30.017685,2.6131368,12.318867,-5.418702,-27.703259,-42.970028,-12.679781,39.714943,68.756966,34.001606,109.01883,117.44846,84.89025,74.606926,90.81599,50.74186
2024-06-02 02:00:00+02:00,-6.3591475,37.687897,6.4671874,40.84586,33.59137,29.592226,17.815668,36.213764,45.396328,10.92121,-31.77053,-27.024357,12.880335,-22.646442,-2.1545582,-5.559622,38.582516,93.33368,77.10935,96.73903,88.86333,97.49346,100.4155,74.40447
2024-06-03 02:00:00+02:00,81.58576,103.75554,80.32673,33.739082,91.114075,146.78055,127.83645,112.546684,48.274456,75.924835,65.11422,79.47012,37.30401,67.962555,40.110737,50.096306,97.43028,83.22319,72.70063,121.64643,114.63515,87.05703,129.3891,88.741066
2024-06-04 02:00:00+02:00,58.751846,54.871693,102.195564,64.31109,89.6746,87.69587,74.264244,72.01698,56.183136,62.224712,85.91322,72.02087,99.79514,47.902355,30.673714,72.88218,72.78001,71.60568,123.23165,101.7039,137.60143,99.37108,90.65752,112.31967
2024-06-05 02:00:00+02:00,22.611473,58.777462,15.558378,46.678925,68.95444,88.32895,77.60548,87.107605,65.77884,45.617405,12.505368,6.9980907,14.253318,47.6841,28.718311,44.539474,58.922596,92.2294,118.06992,107.55546,96.47368,40.92086,61.940907,72.73017
2024-06-06 02:00:00+02:00,90.84132,39.762287,84.192856,69.441765,124.19215,122.57615,156.75813,117.035324,26.780832,46.727043,91.10523,51.42841,68.64813,76.09579,39.515186,96.85658,98.94026,146.4914,119.86165,72.72354,82.09072,92.42707,103.69675,111.27043
2024-06-07 02:00:00+02:00,103.10598,60.408306,114.49039,106.050026,64.47189,77.577614,114.94195,94.92487,88.943115,41.05691,23.65957,27.753029,74.72359,57.024723,77.198845,81.64366,95.11113,118.40516,141.5117,143.0211,152.77872,102.81268,112.64505,86.366714
2024-06-08 02:00:00+02:00,56.5982,69.12752,62.36743,18.537207,80.742615,84.93313,95.092186,32.944057,23.59083,10.07201,1.0093794,-1.3961134,0.8081886,-2.9979067,-10.614679,60.548367,37.9352,93.46535,103.933815,96.70899,99.98541,92.331894,59.965702,69.32093
2024-06-09 02:00:00+02:00,53.2593,79.87439,54.279903,28.591305,75.90082,52.6768,68.10266,37.573452,-25.542984,33.43674,-1.7130187,-9.087193,-38.16109,-67.00638,-9.770062,42.337055,48.61976,76.09575,101.14787,104.22122,111.16241,80.54105,106.662766,74.236465
2024-06-10 02:00:00+02:00,88.411316,50.9775,65.6862,85.392876,102.76076,95.21175,117.51144,92.50727,36.561687,62.724598,36.814106,52.65982,54.626472,42.50735,23.841246,84.30407,88.10415,154.15468,146.47989,117.01335,111.78689,101.62542,78.04354,74.40063
2024-06-11 02:00:00+02:00,80.70358,55.67142,42.234352,56.191975,36.68227,73.86428,57.79168,85.919975,78.02505,54.35687,49.386223,11.514635,50.024124,15.716729,25.838219,63.410538,59.21438,74.71401,79.994934,121.8092,90.85257,97.2687,92.62699,62.74211
2024-06-12 02:00:00+02:00,69.847946,61.58329,53.502594,77.65004,80.03008,112.419556,95.00347,66.40152,77.3957,46.827087,70.57137,34.853466,51.45484,26.578045,61.65739,72.503,108.15858,99.743835,101.49003,142.67674,118.88638,118.63409,65.45666,81.96768
2024-06-13 02:00:00+02:00,105.23352,121.990135,82.76152,102.716156,112.499504,88.48153,105.158966,100.22871,68.84711,70.17525,51.801167,51.509262,43.242966,74.48471,63.072807,99.064606,89.962204,80.70047,99.41011,114.07696,115.24723,104.04021,82.97143,83.534615
2024-06-14 02:00:00+02:00,100.491844,124.8733,106.93998,117.485535,116.80128,103.45181,101.999245,64.474144,79.49099,64.06943,53.30959,63.988823,89.86008,32.217896,77.15367,76.89438,83.79268,117.65011,110.32242,101.08065,124.48773,107.002335,84.14576,66.45238
2024-06-15 02:00:00+02:00,54.058582,77.67733,52.321228,91.55459,70.817444,81.94072,41.397797,29.444105,44.230305,7.9828496,26.632793,-25.663445,15.4933195,14.983325,58.819813,30.534882,76.39236,93.23355,99.67227,104.6227,105.945076,85.35483,72.468956,56.935196
2024-06-16 02:00:00+02:00,45.69703,27.164268,31.191647,28.37166,27.283913,28.483936,43.11453,13.911494,9.079763,-31.128372,-26.665144,-31.790129,-47.996853,-36.609135,-23.509716,12.313424,61.210655,83.25777,103.04517,111.94949,108.63007,57.714634,48.2754,48.01913
2024-06-17 02:00:00+02:00,95.936066,72.51556,85.829956,101.19644,68.15765,101.72211,117.00996,72.67068,73.79116,45.27161,53.14678,34.93526,33.83491,55.220512,71.32376,53.763977,49.256924,111.44732,129.10318,134.10237,124.95435,110.67296,105.156265,86.3947
2024-06-18 02:00:00+02:00,92.51754,99.68721,97.877884,86.4913,111.028694,148.38297,114.49276,108.74415,84.54826,83.85925,73.78924,45.412613,39.400494,79.32266,61.60023,96.5031,104.29258,95.96471,143.35204,140.22845,136.21123,116.619606,77.187096,87.66981
2024-06-19 02:00:00+02:00,96.73358,69.98641,88.52605,94.7799,86.5706,125.50678,116.18563,105.667366,94.61353,77.07114,61.26074,55.853546,64.25409,64.94805,49.694412,65.84431,94.21586,133.2941,126.53294,117.70596,129.67961,105.026276,101.9913,77.02122
2024-06-20 02:00:00+02:00,74.877396,101.51012,86.63906,107.648384,113.747696,108.84624,105.87019,70.95137,58.983807,106.573074,60.050034,38.2215,66.8805,59.342693,71.055016,100.09057,113.44163,149.03351,153.04652,147.51372,124.73553,95.97596,86.087776,90.093796
2024-06-21 02:00:00+02:00,104.85176,97.05262,100.63567,86.00459,95.23977,112.645256,120.908195,103.24305,84.6276,86.44593,62.689697,74.964874,74.65485,70.28192,62.061657,61.26802,96.029434,138.3582,127.62868,112.92394,127.032875,107.71361,108.74959,82.67065
2024-06-22 02:00:00+02:00,64.63896,88.53202,47.98926,57.42105,84.70293,82.792206,78.13012,57.27964,70.680984,43.818962,21.72516,17.429203,7.419213,2.145369,29.109974,75.053215,65.99296,66.90026,95.946495,111.80158,108.71866,94.87565,62.701195,53.044975
2024-06-23 02:00:00+02:00,98.411644,101.30009,78.62489,68.24321,66.11395,93.82771,83.528275,32.251774,44.154648,1.7460972,5.7152076,30.877974,-5.422344,-13.329058,36.38079,45.098408,74.66585,107.67027,133.80106,127.4925,129.75078,120.689575,97.3908,82.768394
2024-06-24 02:00:00+02:00,107.3237,103.570885,124.51691,82.75539,116.96605,159.85915,130.09853,95.580574,98.531906,71.144745,67.61722,71.948074,76.22734,61.618645,93.9138,102.703804,126.65439,126.08944,179.66234,144.83318,114.0558,102.31905,110.266075,89.97157
2024-06-25 02:00:00+02:00,84.04714,98.81648,94.20284,98.56141,129.53354,117.31115,111.704155,101.730415,85.885605,57.57351,68.73213,76.1667,80.2888,82.17943,63.4792,81.8534,98.87913,129.63284,140.2965,132.82404,104.109886,98.14151,77.26206,102.87708
2024-06-26 02:00:00+02:00,104.93098,80.02951,72.75419,108.20515,97.30025,130.45943,90.16495,96.96468,55.935177,51.139656,24.912952,66.454094,45.134373,69.10931,40.22948,69.22081,101.20054,124.14288,164.79648,153.00417,135.52835,97.27467,118.60512,97.721375
2024-06-27 02:00:00+02:00,101.47706,121.96247,91.18813,92.92262,110.26153,102.22822,126.35197,117.853874,93.039276,93.98516,65.343475,69.24315,52.823242,66.723785,54.911667,84.55943,100.55904,144.43254,172.80945,147.8496,104.48408,87.60017,96.30853,117.457344
2024-06-28 02:00:00+02:00,98.59655,31.109198,69.42016,89.59739,60.72116,128.79662,118.24763,80.694824,101.39137,40.825073,44.78576,58.23359,25.534653,59.92004,75.2776,56.101383,126.56551,98.513084,115.50235,96.303825,85.40413,85.0788,83.17114,75.42585
2024-06-29 02:00:00+02:00,108.48077,105.772156,127.28321,96.47266,100.0411,118.718094,98.34164,91.823784,64.49473,40.41193,9.359761,19.785473,33.49288,31.021797,49.728783,102.33796,94.75658,119.08426,105.08249,141.51665,119.751915,127.632195,106.73904,99.990364
2024-06-30 02:00:00+02:00,89.41756,70.74555,83.65041,51.20443,77.636536,80.399895,94.906624,27.828564,25.766163,9.469829,29.55761,-6.94308,-8.030459,30.376,12.796946,72.80542,99.74359,105.42583,134.19101,141.31721,135.73781,105.05217,111.82752,76.29645
2024-07-01 02:00:00+02:00,76.62534,61.413033,68.6453,58.323074,84.25157,93.923706,120.74772,93.16092,36.03594,61.990253,29.411903,62.44624,59.00668,30.94426,38.5211,55.442696,94.377396,138.7112,167.96738,137.36047,118.61768,95.74269,114.51739,52.394756
2024-07-02 02:00:00+02:00,76.031715,75.69018,66.94912,86.75371,72.351234,92.59328,118.84146,91.29313,73.80311,49.57428,14.104011,51.578617,36.59536,20.581316,54.5482,73.77238,93.207695,112.12278,131.53468,132.56143,127.056526,101.01563,91.4944,84.35382
2024-07-03 02:00:00+02:00,73.85311,89.31686,52.517673,50.52831,90.60031,82.60321,91.111496,79.18759,68.370384,43.197224,49.69965,24.744497,27.402859,21.381947,21.697092,54.137386,86.93939,104.73416,134.5451,118.87166,101.83607,92.009796,103.60124,75.07998
2024-07-04 02:00:00+02:00,66.1991,34.573715,-9.696902,28.249643,63.813248,77.20359,100.36918,65.85229,79.28207,30.221699,32.173294,-15.103972,22.745928,22.042885,22.38696,85.73659,75.18955,109.365685,103.51159,115.19003,93.949814,76.787704,84.312126,70.225044
2024-07-05 02:00:00+02:00,44.189713,20.60157,30.835173,73.46599,42.11643,86.70306,63.487667,45.63164,28.451326,38.1573,-4.4552207,-9.4005785,-8.718281,-11.364327,19.645823,38.222115,89.40536,93.195786,109.5972,112.954384,112.084076,88.04911,78.45963,78.278854
2024-07-06 02:00:00+02:00,46.88257,63.12518,49.516792,47.1685,59.365566,31.002975,57.113026,50.57336,24.524239,3.7390199,-10.898319,-10.894677,-59.486908,-13.974284,-12.011231,23.83883,62.926853,60.221436,112.22585,102.23366,124.16698,75.70008,84.76029,69.31201
2024-07-07 02:00:00+02:00,63.14249,42.172607,34.765003,34.7756,20.123655,32.094242,28.948391,33.130886,15.857239,-26.185837,-48.865776,-38.409744,-50.909107,-53.44394,-22.753767,20.125252,52.18575,96.73248,101.179794,98.06496,73.295525,100.4614,104.59173,58.79219
2024-07-08 02:00:00+02:00,42.697495,57.285492,49.371124,59.518845,83.84526,78.06572,112.5768,73.41444,66.44923,40.723843,50.805485,27.58977,7.708458,30.859764,36.10595,64.582535,83.170204,112.14332,137.53609,138.19269,136.617,100.24569,94.887596,64.89294
2024-07-09 02:00:00+02:00,78.30676,83.91241,75.42671,63.836487,80.38487,98.50764,112.05563,97.556435,85.20695,55.35247,52.93994,52.603107,37.670097,74.06289,53.11531,67.36749,79.88126,142.22023,122.09091,117.45301,114.24819,96.73915,108.15273,84.60215
2024-07-10 02:00:00+02:00,79.836174,80.72715,70.04791,85.11464,97.36784,104.73343,127.09728,86.77097,84.54671,53.076687,31.396193,35.511826,6.5801196,36.363483,39.138092,67.89946,107.51565,112.714,159.35197,117.032906,104.423515,112.16505,80.63062,72.05049
2024-07-11 02:00:00+02:00,62.167057,61.933994,50.32057,79.4572,84.937096,101.318665,97.42169,97.39456,62.193245,57.422646,33.006454,22.538395,20.411345,67.18173,60.698246,86.41688,108.130104,126.76245,139.66142,107.168175,125.5896,101.69081,110.50167,90.84414
2024-07-12 02:00:00+02:00,91.36911,112.15944,68.29366,82.26114,104.802986,105.16977,110.12241,95.28695,91.48176,79.228676,54.364563,62.411663,58.96953,40.22854,48.746765,67.42629,90.397934,112.88896,143.44418,139.50487,115.06249,97.490555,101.9508,67.649864
2024-07-13 02:00:00+02:00,65.9065,57.83714,57.620728,64.07491,62.953533,48.628963,50.616898,40.13897,60.02716,26.869663,19.593325,-20.457687,0.5896897,-9.244642,22.994131,44.558136,58.8505,78.05365,74.11911,94.77344,112.40908,66.26759,81.93511,53.023903
2024-07-14 02:00:00+02:00,56.133583,46.249126,29.521807,51.651943,33.33138,24.99757,35.348198,17.64128,-16.008944,-19.811846,-36.88545,-55.696033,-50.415726,-43.567543,26.65583,2.4298677,34.042564,53.890614,110.84706,123.209595,90.37502,77.31423,78.79949,58.438828
2024-07-15 02:00:00+02:00,58.695053,62.83581,67.827736,67.6648,65.63796,115.89696,107.93341,79.395004,54.99559,46.501015,34.926342,27.198067,16.286503,31.491693,37.54943,47.438557,79.87492,98.42241,157.94057,123.33108,111.16343,104.71108,82.43717,72.91209
2024-07-16 02:00:00+02:00,75.782196,51.90436,51.498787,68.2284,91.54489,94.8067,102.02175,75.46223,60.72022,53.48095,28.775515,26.599405,21.76886,20.430698,31.179903,97.22243,85.12589,98.05211,95.84981,92.681206,109.474815,82.35583,98.83776,46.438084
2024-07-17 02:00:00+02:00,54.703686,54.28387,56.029858,53.18172,92.52674,83.68384,88.81689,72.90112,56.750824,42.18349,14.369687,7.196295,4.0313745,16.681396,38.492905,42.371506,68.93766,102.46488,137.22733,119.063354,105.55832,108.196304,73.47855,64.49657
2024-07-18 02:00:00+02:00,82.75837,71.75032,68.22177,96.443565,87.91159,97.435196,91.63503,89.43707,69.49643,39.957214,40.44041,12.6647415,47.535736,74.69862,58.005962,72.64183,106.695946,154.4067,131.51889,145.32996,85.08056,120.97853,104.74611,83.85336
2024-07-19 02:00:00+02:00,90.052635,78.18,68.87465,91.71257,95.33491,111.89434,90.84246,69.90331,75.54754,59.642006,56.813263,45.402916,35.033707,19.788582,57.483162,58.519314,88.478134,119.68763,149.02667,129.4452,121.80506,90.02833,71.330635,89.98111
2024-07-20 02:00:00+02:00,69.04028,71.089424,71.721146,74.9643,105.069115,57.053856,72.79498,54.236122,37.725624,10.237848,-15.554228,-6.566272,-5.008833,6.608803,37.841335,44.555107,56.026993,89.93528,119.37269,108.16472,93.394646,60.74109,62.786465,68.82113
2024-07-21 02:00:00+02:00,81.321144,52.528313,74.6341,50.43596,68.45013,56.666656,62.990643,31.419228,19.492954,-0.25668666,-21.285528,-61.430607,-39.482517,-30.070248,-13.811474,28.320963,46.657074,68.50226,98.675446,109.75796,104.955284,81.341484,77.59877,71.581375
2024-07-22 02:00:00+02:00,80.35893,85.075356,75.02122,84.94426,99.2336,92.558945,95.77248,86.91905,65.34384,69.46889,45.22259,38.911736,9.553587,52.67672,41.78782,51.147923,99.62264,130.07828,151.20995,138.07112,101.7181,91.82534,104.06161,66.97944
2024-07-23 02:00:00+02:00,52.877583,61.436234,46.97521,76.34077,62.73401,73.81043,99.08245,83.30249,55.511517,52.592144,35.19116,29.001911,39.991096,54.42872,45.906036,90.52596,80.520805,107.86938,137.26169,87.447624,109.171776,76.340355,97.76744,74.735695
2024-07-24 02:00:00+02:00,58.01071,60.355972,53.052628,73.4619,94.015976,90.74397,100.55253,80.2485,39.505898,48.22961,16.662493,35.9602,16.991756,27.75933,49.85117,61.809155,67.28738,112.14385,126.74903,116.75414,89.63131,88.1699,89.0331,51.314045
2024-07-25 02:00:00+02:00,80.45468,87.689285,75.143684,63.80883,92.225876,105.48688,95.27803,97.14349,71.818535,75.75274,54.47021,35.50205,21.74963,25.906713,65.07719,87.03731,98.03369,102.374664,146.8416,125.29336,109.38975,110.22123,100.774994,70.201965
2024-07-26 02:00:00+02:00,74.71102,77.00383,77.22953,71.01729,113.74057,98.28493,95.88795,63.86071,76.369286,58.241444,13.210825,26.085768,12.750258,8.197257,32.513443,58.703484,58.524223,88.3017,121.18398,101.365395,104.45764,70.1901,61.941032,53.130123
2024-07-27 02:00:00+02:00,112.774925,89.568665,101.47976,91.68909,98.09843,86.84958,73.293564,71.27911,56.578888,37.592804,15.662063,-3.320213,9.881089,11.817056,21.134602,56.536213,57.336185,76.467155,113.40644,107.99831,93.19632,85.49022,83.90058,79.25662
2024-07-28 02:00:00+02:00,84.456276,79.56906,80.92056,80.55137,49.27603,73.199615,54.61514,17.631662,21.36157,10.3365,-4.8615303,-19.928871,-8.429527,-5.7905188,14.015261,49.649487,63.969715,115.76901,125.75703,117.27768,120.87587,112.11198,112.80066,90.14666
2024-07-29 02:00:00+02:00,56.605526,88.457794,64.83655,73.420364,102.360504,123.89639,102.01291,64.34354,66.17762,49.05021,40.56901,1.2070105,29.789898,24.238552,56.66768,78.83304,98.25096,133.67508,164.3013,135.88843,114.341156,89.175156,86.12485,90.71173
2024-07-30 02:00:00+02:00,83.39128,71.83089,86.3519,64.02696,95.405975,104.13382,124.760445,92.13181,62.267345,47.22689,21.456047,8.979843,26.161425,4.368084,40.936085,40.11295,97.36989,108.7518,117.46778,120.50119,117.65821,108.57974,90.47936,79.47487
2024-07-31 02:00:00+02:00,90.476456,69.76235,63.869183,87.32242,109.60145,108.075516,103.90211,90.501785,85.35978,50.360794,36.093838,17.88314,37.447056,34.85506,62.756474,53.156517,82.38688,113.23573,142.3332,107.687454,116.81171,100.577446,116.2948,100.93347
2024-08-01 02:00:00+02:00,69.06119,76.9193,67.75867,55.928917,93.17553,123.96657,102.2558,83.92558,90.9788,95.86818,66.63508,54.710888,40.152718,53.60276,78.363266,94.20956,122.71139,145.92116,130.13045,138.75407,108.68453,95.29779,100.6779,108.1781
2024-08-02 02:00:00+02:00,50.567753,105.34326,74.57841,83.98716,102.77381,125.5941,104.21999,92.53153,75.54967,69.83269,74.685165,49.094112,57.590366,27.005754,49.78619,88.075874,110.268364,112.77304,136.84102,114.042465,107.24036,104.83658,83.54595,71.99169
2024-08-03 02:00:00+02:00,107.93071,108.76809,45.376728,98.35158,118.48335,89.304825,76.951866,58.58814,51.371166,72.73557,25.13849,12.78958,33.65786,23.058987,66.516945,61.71226,75.205185,116.55246,110.61825,96.100716,103.00545,74.098366,81.0801,58.188168
2024-08-04 02:00:00+02:00,66.47263,53.430866,54.578026,68.83218,81.619354,89.52377,47.769127,37.53994,46.83715,23.419018,29.971857,9.905108,-10.089668,5.107584,29.37921,64.96888,90.40493,86.496994,114.17786,111.37833,116.18776,113.77625,79.96322,72.50942
2024-08-05 02:00:00+02:00,100.629456,68.726,99.714005,105.80743,110.48068,134.51605,141.52684,112.159195,91.38568,80.29793,47.429104,74.56208,85.99682,67.620895,63.34712,83.93655,143.92693,154.13759,164.13087,159.94962,124.133835,115.95425,90.91194,93.17909
2024-08-06 02:00:00+02:00,96.85294,78.537415,87.664856,97.167885,143.43576,126.87465,127.30596,93.018616,83.12896,51.132946,59.994427,44.497494,86.843155,66.52824,65.056114,100.85462,103.87097,127.16582,164.91101,140.18553,105.43938,122.03465,110.99424,83.8996
2024-08-07 02:00:00+02:00,114.357605,97.85415,102.82226,112.668495,103.81115,131.55417,139.99179,102.49594,102.09221,87.05192,77.72619,43.97453,55.461105,77.94431,79.61608,110.711334,108.01545,153.93288,170.47168,137.95819,138.96329,105.788765,98.18247,105.97772
2024-08-08 02:00:00+02:00,85.18698,83.59427,92.55363,88.54761,127.56824,114.725494,118.67607,88.24891,88.96955,77.28084,70.04865,45.089653,48.29242,66.990685,83.44206,81.99362,113.31377,137.46898,167.7859,146.18648,119.762344,103.43945,98.41926,103.67473
2024-08-09 02:00:00+02:00,49.763645,59.123215,62.072334,56.432896,60.657494,98.935555,78.990204,67.017365,65.9148,78.34584,27.941864,26.6598,38.061962,58.6489,47.67101,98.93249,62.340427,120.69763,114.84559,105.5147,76.70317,91.78438,78.4753,84.42268
2024-08-10 02:00:00+02:00,71.74402,62.481018,74.705826,57.0075,98.72,80.5323,70.74977,48.28927,59.5071,27.021427,10.776076,11.124774,1.1728444,14.6548815,46.524258,47.82089,70.488754,113.76091,121.96055,118.63642,104.05829,92.38263,89.00895,72.66499
2024-08-11 02:00:00+02:00,86.9628,97.86921,97.861595,75.50413,83.94633,80.512085,48.092293,57.91296,40.2589,25.758348,26.981369,14.220993,28.960829,15.033367,22.37951,67.3695,98.73281,100.7236,122.06059,123.57871,113.74585,71.57933,71.076004,96.34544
2024-08-12 02:00:00+02:00,94.94754,68.19358,86.46508,105.396126,103.77477,120.90373,119.458984,85.86813,46.471104,67.28967,27.269794,37.36334,12.390144,62.49886,45.61499,59.224606,88.7524,152.162,183.68811,120.875175,137.74472,96.97704,108.922714,85.00715
2024-08-13 02:00:00+02:00,105.879196,82.28709,46.39651,55.447193,101.92019,118.02413,85.44537,73.287834,60.24803,60.005596,49.68901,7.503789,23.231575,73.49316,86.314095,66.62824,72.08081,105.33291,117.63898,123.32302,128.8512,87.67832,88.61475,88.723595
2024-08-14 02:00:00+02:00,98.65732,106.02715,125.01888,111.14121,100.21828,132.9882,120.93303,89.99371,79.61636,58.436333,44.460995,22.088425,51.838688,44.583546,44.474785,70.37419,92.55371,130.15099,119.89377,146.4558,114.31698,86.50477,98.09429,98.91493
2024-08-15 02:00:00+02:00,130.99155,106.640015,107.01662,95.43442,100.808876,128.49203,124.6861,101.59326,100.20035,54.550858,56.963184,61.525024,71.61935,35.65373,81.60434,98.30207,101.68586,146.73235,169.70161,137.45114,113.39314,77.21975,102.260666,79.75634
2024-08-16 02:00:00+02:00,102.92291,53.061344,50.282806,63.644135,89.70397,107.91746,87.65455,66.524475,33.165993,45.99413,45.258846,-4.069124,21.848158,-31.25628,48.631176,86.37044,78.39121,137.87791,140.57182,123.29761,102.83384,129.5777,127.370155,80.160484
2024-08-17 02:00:00+02:00,100.652695,75.59422,100.934044,88.476616,93.17017,96.76845,72.96344,77.67561,68.04092,47.60427,36.848106,36.964806,11.268107,36.821552,37.932377,75.46943,81.47225,126.560646,116.859955,91.86274,112.83237,77.85671,69.34499,82.361305
2024-08-18 02:00:00+02:00,78.449684,79.92345,96.5112,86.54188,77.854706,92.17171,72.26383,66.95828,18.080894,15.41394,14.5228405,5.493272,14.106752,2.9982922,24.428492,73.24278,75.70237,120.99261,128.45644,127.55473,116.29497,95.84584,119.13173,71.01688
2024-08-19 02:00:00+02:00,89.05969,101.04599,79.138855,89.62693,121.92217,107.82122,116.41003,94.343925,84.45035,47.706074,32.604034,35.28404,78.475426,43.86213,53.580257,78.91909,104.88544,143.10649,170.9616,119.28104,125.35162,101.29698,106.199905,86.59413
2024-08-20 02:00:00+02:00,62.401802,77.806465,70.46474,84.435455,93.96114,100.56141,114.60978,78.51302,74.91712,40.119534,42.0715,20.912256,22.424767,50.77328,45.877598,87.25077,90.04183,127.681046,137.9561,134.65991,104.14221,107.84,83.149254,80.18487
2024-08-21 02:00:00+02:00,71.586,71.13742,86.2701,67.82831,107.607834,88.62777,104.410545,105.424355,68.76065,36.71832,62.825584,26.679071,37.233387,31.991173,35.8397,79.36566,84.79618,128.68979,123.69315,128.2372,95.44133,91.502625,93.14722,94.8869
2024-08-22 02:00:00+02:00,34.82822,38.87892,40.34368,72.07181,87.86924,68.72538,66.20327,83.63126,69.136024,39.063293,25.712275,40.34716,25.80888,30.694664,46.040123,58.217304,98.3882,127.99018,134.1248,117.31941,83.042175,99.39956,79.00698,71.84022
2024-08-23 02:00:00+02:00,61.705593,49.39134,39.993305,70.39252,57.46201,75.3986,94.88821,67.92716,54.24414,50.866573,38.475147,12.2354765,13.518319,44.710346,52.888386,75.907486,75.465706,114.038,141.23068,103.417564,104.97198,62.89551,84.019485,64.92816
2024-08-24 02:00:00+02:00,72.171936,65.669754,75.524704,68.76638,79.32634,76.69462,80.04371,52.19553,41.722885,28.075172,4.0734787,10.59964,-1.6760293,8.599434,54.098965,67.46668,94.34065,108.51964,124.69072,121.461235,115.137695,96.11884,93.02364,92.945045
2024-08-25 02:00:00+02:00,37.54448,67.913704,50.539276,31.540058,34.898067,56.941006,26.4413,26.034048,16.923832,-23.951256,-20.378511,-13.375254,-23.170633,-9.745635,8.177739,36.074932,74.58438,83.071144,117.5323,112.85549,107.738525,77.130714,91.42071,75.20228
2024-08-26 02:00:00+02:00,36.404316,25.360262,33.215176,49.235973,78.01736,111.446175,96.59508,62.115627,63.29646,24.005405,3.7961407,22.132044,17.570818,43.240185,34.97106,74.148125,102.35105,155.15413,157.50807,125.32617,117.659355,88.94836,54.697464,81.88274
2024-08-27 02:00:00+02:00,77.6635,78.08773,84.11016,84.64184,112.22405,141.52202,119.43648,96.1769,78.13339,72.82416,59.78972,45.245056,20.042597,47.56855,43.64805,80.43549,122.32156,137.16942,154.16896,126.68176,109.219444,94.32408,117.34306,91.80226
2024-08-28 02:00:00+02:00,85.021065,89.74064,77.957245,99.197914,113.401,147.25696,129.60233,102.887314,84.13749,57.164867,58.941296,45.432785,36.240116,48.25617,78.352715,79.795586,115.36471,149.1452,172.288,149.0191,118.11268,108.6926,101.982346,92.70392
2024-08-29 02:00:00+02:00,98.82438,98.7146,94.061966,95.86769,98.240616,159.73885,131.79504,95.67828,78.870155,82.71721,52.531258,57.99009,69.41062,57.921715,83.67087,121.25947,130.4286,147.52095,161.20435,135.40106,120.64788,108.434204,119.138275,102.7108
2024-08-30 02:00:00+02:00,101.02332,89.12229,104.72005,116.3045,108.60192,116.38629,130.5438,103.74114,89.197334,101.98411,71.7637,66.73897,69.75936,64.95145,89.111,96.09928,85.630486,151.45438,152.46349,133.8083,123.66566,116.65135,91.66486,101.109985
2024-08-31 02:00:00+02:00,82.829155,94.846886,114.88278,67.64459,70.78127,69.6995,60.38216,47.76356,55.012325,-6.9284725,17.479736,-17.507298,8.816297,40.154724,52.770214,46.26361,85.583595,131.28142,124.28781,110.54165,105.49257,96.14437,70.507416,102.99579
2024-09-01 02:00:00+02:00,41.94515,30.47555,62.39067,49.3816,94.676956,37.610847,75.02801,24.150007,13.675687,-2.3220332,-29.862633,-11.8695755,-24.323727,23.228344,19.420734,44.130302,74.2577,157.71237,158.07559,85.78024,118.0175,104.59582,101.47751,39.552788
2024-09-02 02:00:00+02:00,57.337376,64.22254,53.178284,83.00952,93.788475,125.35841,118.43179,107.140434,87.411415,65.78052,38.409107,32.20607,55.02448,63.37396,78.94258,93.151184,128.16977,195.08272,202.72052,131.9455,115.74491,86.38574,93.018364,83.910484
2024-09-03 02:00:00+02:00,95.880295,90.910095,110.647255,114.004326,134.14772,148.7713,140.61737,118.383675,86.437256,75.06496,59.934647,52.648323,59.771957,65.05767,83.107025,121.70142,121.51807,182.69496,161.8508,124.232445,112.228714,91.755165,75.450035,93.062065
2024-09-04 02:00:00+02:00,75.49545,86.947945,99.55337,127.97115,99.88279,143.9197,130.86331,116.61694,80.54613,95.09333,67.49577,65.58579,58.72832,65.20788,111.807755,125.34737,142.46274,187.80751,171.79253,121.2217,108.906265,80.941635,111.092155,47.2255
2024-09-05 02:00:00+02:00,93.67546,84.42285,89.40495,104.98715,107.221855,148.26242,130.46191,125.2355,106.28236,89.43613,63.429443,71.91362,70.69899,88.489586,91.27512,139.86952,160.4702,216.32571,185.15434,117.147026,97.0725,91.23355,103.44007,85.401184
2024-09-06 02:00:00+02:00,88.54123,80.61696,58.34644,60.99666,75.394714,122.52611,112.88372,106.28976,49.878338,62.634212,47.585327,42.31905,49.037483,39.49808,93.654755,61.516106,121.08778,167.10587,155.60312,94.676384,110.811584,94.18431,76.87703,60.07225
2024-09-07 02:00:00+02:00,96.129395,103.349236,108.60912,126.83758,93.09013,127.19777,112.32917,81.6214,74.89556,79.225525,40.481735,57.31008,31.605894,5.240525,76.11924,104.47544,129.32413,185.66864,146.59143,114.461044,105.54249,68.54731,86.25926,90.762794
2024-09-08 02:00:00+02:00,84.80964,52.73572,63.89222,94.34294,78.51868,87.675125,79.70008,66.33266,46.87177,36.798187,12.182488,-4.8849354,15.429488,17.499908,57.620277,77.2925,124.58454,167.88075,111.80252,98.23206,98.6896,93.05851,92.45706,88.85649
2024-09-09 02:00:00+02:00,80.80199,97.6931,98.9482,103.97412,139.76572,174.11832,152.71718,117.23987,107.498055,99.47133,71.709404,67.30579,86.52392,63.285004,87.861015,132.20773,157.91536,188.26686,186.6385,133.65277,97.21833,79.90164,98.30403,92.19216
2024-09-10 02:00:00+02:00,35.489243,55.716145,63.898193,54.717678,99.35508,117.41561,112.981636,112.38539,82.3532,34.657555,39.406223,44.292828,41.322792,56.67971,70.40831,82.35493,149.16795,191.16708,157.07349,98.27797,90.95724,78.12906,72.50418,51.636723
2024-09-11 02:00:00+02:00,62.24112,47.026108,64.30409,63.91284,75.188736,101.94065,124.53152,138.02328,71.827286,46.695415,37.929474,14.51343,24.80579,50.80675,52.167053,88.30386,107.52653,130.3327,140.15083,96.044334,96.97569,75.35527,94.298836,83.02683
2024-09-12 02:00:00+02:00,72.44084,68.53757,73.541115,63.283287,114.32974,138.47678,134.99463,114.51837,86.63337,85.850746,50.715424,58.88528,50.18935,82.02259,79.191605,95.070496,146.5071,192.24615,168.09888,131.5707,91.9978,85.41235,74.76405,111.10341
2024-09-13 02:00:00+02:00,93.49804,78.2924,93.40185,94.37973,137.83704,152.58595,138.59634,120.40164,137.74443,86.04473,45.015755,59.150875,58.914658,63.55477,85.28989,102.497375,129.18579,193.57138,174.01067,118.2376,117.91247,78.26855,96.7644,67.105995
2024-09-14 02:00:00+02:00,109.025375,77.746155,96.146545,73.160866,96.38844,100.969475,115.279884,102.06451,54.30282,67.88874,29.58752,14.781357,11.814273,59.299282,58.542267,58.669605,107.82547,159.70284,149.65083,107.83738,113.152306,82.18512,80.97699,68.581474
2024-09-15 02:00:00+02:00,75.324455,87.111534,72.37165,67.70805,48.45478,85.559204,63.115932,55.862587,30.915495,15.817468,23.160257,-11.989545,2.4011846,45.113792,29.862894,77.689316,102.30617,141.19778,122.12905,123.5105,100.60073,96.1546,69.68007,53.30574
2024-09-16 02:00:00+02:00,94.55952,94.63362,95.33941,88.646385,126.138214,145.56964,163.19162,131.73056,89.049255,88.88837,93.480484,45.962788,77.70065,81.31415,87.537605,118.31563,150.5105,194.7989,185.50755,104.94513,107.70354,93.82207,87.73507,76.68181
2024-09-17 02:00:00+02:00,34.90044,67.36676,55.914513,72.910576,67.04609,124.53487,131.51227,64.26371,84.16687,36.39769,42.646595,37.455036,34.842213,42.84983,59.894547,96.04392,133.63412,175.90431,156.29887,124.60201,94.400925,80.8686,80.42931,64.779144
2024-09-18 02:00:00+02:00,51.160976,32.86447,81.63376,56.931107,93.25045,123.034424,126.422104,103.697395,89.18023,96.36619,50.461983,80.78059,47.031837,68.915115,61.11376,115.38836,129.06856,157.51016,145.13797,117.363976,80.5654,105.857834,73.11189,57.865005
2024-09-19 02:00:00+02:00,47.394897,55.187084,74.19301,49.465767,71.73817,102.064545,92.62773,122.10462,64.220825,73.14336,59.33046,49.583733,27.537682,34.79287,48.47041,96.60948,111.36863,155.17467,142.84164,134.58508,98.57835,99.89216,92.69762,99.52845
2024-09-20 02:00:00+02:00,59.98616,68.079254,78.05299,70.99204,92.79774,132.42964,125.51283,95.59068,85.734085,49.633816,50.048267,35.106213,21.033945,47.501324,68.851204,101.351685,132.26257,155.8913,121.61889,94.2569,90.91243,83.09222,78.63627,98.82573
2024-09-21 02:00:00+02:00,56.873413,63.786407,50.17896,52.861176,75.403465,90.79483,74.394,61.885056,49.213715,16.63655,-4.008321,-14.441111,17.075842,10.917241,16.176886,82.31703,111.86132,144.8963,125.84512,97.48418,87.869484,67.59487,71.083206,50.60728
2024-09-22 02:00:00+02:00,87.16939,51.792904,64.17397,48.862564,76.88877,107.20926,94.67041,42.68342,59.816437,22.830257,26.281721,29.027771,16.02545,7.9882917,59.409225,40.531166,109.806526,179.42055,139.54652,119.34728,99.55361,81.59157,54.287228,84.62138
2024-09-23 02:00:00+02:00,92.9646,99.793144,82.76066,88.10783,89.59538,153.92526,148.3098,137.22957,86.10795,71.51991,74.07738,56.58212,59.29171,57.496296,74.046036,92.13811,127.578835,157.25615,185.52702,96.820496,91.620995,67.98302,83.84992,68.95922
2024-09-24 02:00:00+02:00,97.67399,71.96391,104.10625,83.05596,98.37036,164.27466,105.134254,97.43986,84.221535,74.18773,51.165638,67.629326,39.93913,49.15402,82.78214,99.833244,142.1343,188.62439,156.42519,104.46472,104.348885,96.306816,89.00065,87.45327
2024-09-25 02:00:00+02:00,77.6813,51.136017,57.13029,84.884315,112.664734,114.98561,130.88725,109.44801,86.83628,58.614243,59.98878,26.855835,28.254595,27.425814,77.82725,103.951614,135.60269,163.58401,153.25041,107.75759,86.623184,101.495834,62.58994,92.22932
2024-09-26 02:00:00+02:00,67.91031,67.82757,69.40686,78.51323,103.7911,108.97476,123.35907,97.879234,91.05515,53.16122,57.759846,51.45734,31.831102,78.97895,51.727108,88.24073,124.877144,163.33487,118.304375,128.29686,62.761425,73.375114,76.960335,68.4712
2024-09-27 02:00:00+02:00,26.184626,47.892982,54.55994,55.677357,58.70021,102.76714,100.36582,88.84287,59.668766,69.92729,33.399918,18.76753,11.506247,41.615925,51.360283,71.45936,100.85687,156.38354,137.52405,106.47904,87.91486,66.792404,58.804016,62.821247
2024-09-28 02:00:00+02:00,39.474228,13.330917,19.686657,39.734093,55.58042,50.569145,65.30403,33.931107,14.157899,25.877417,9.581574,-15.114571,-24.189314,21.105019,19.7153,58.638508,98.91706,112.791,110.76179,97.68565,79.90246,69.565865,63.40972,67.47699
2024-09-29 02:00:00+02:00,69.668076,53.849697,82.78382,71.9171,63.188316,86.77327,72.48863,56.698326,31.857086,13.918491,-0.15791205,18.922934,-6.549823,31.851357,33.1245,92.79373,105.19923,137.1946,132.64667,105.633736,114.430275,81.08432,96.940506,77.63048
2024-09-30 02:00:00+02:00,47.33401,47.231106,33.518005,52.755238,74.592155,124.92162,103.85411,79.61661,74.86295,35.702503,17.244093,35.71523,45.248615,6.7405977,69.494995,47.045914,127.77581,168.01402,126.9686,89.39779,84.44077,51.61798,72.1838,65.59774
2024-10-01 02:00:00+02:00,34.42322,11.491476,48.61976,54.329823,47.937256,85.94285,116.689445,68.811554,84.20685,40.24605,66.17418,50.41411,20.635408,51.750637,72.11776,74.67788,154.74652,158.06447,117.90494,105.34212,83.534775,86.45996,65.505264,63.341305
2024-10-02 02:00:00+02:00,71.34389,79.57602,80.60342,76.264046,104.4137,132.37288,158.40445,123.9157,115.97863,80.45067,99.61163,55.400303,77.87607,67.90311,105.03998,128.7535,145.559,161.74687,117.41807,90.328415,88.69033,67.569916,88.68174,44.18595
2024-10-03 02:00:00+02:00,86.15627,55.20402,37.24202,63.837143,78.55845,116.588135,111.66307,128.3464,113.74585,67.662346,60.011612,77.44157,44.273266,58.788795,118.701805,113.406975,140.4332,144.8396,119.854774,90.33075,115.865944,90.11,65.991486,27.632282
2024-10-04 02:00:00+02:00,88.55235,77.93589,78.18127,85.0229,110.05977,162.16786,92.65383,94.61946,87.89735,61.53329,91.99744,58.40941,75.56096,64.80304,81.713585,90.54082,141.69379,93.68536,111.53893,97.06592,78.364334,57.075706,103.64077,80.403
2024-10-05 02:00:00+02:00,108.75,114.71502,97.520546,72.50165,104.483665,91.45471,94.668564,95.193,65.28762,67.00067,52.37348,54.764404,56.378967,56.196884,50.87934,117.35927,117.56606,137.48825,123.42466,91.96556,53.730137,102.366516,107.73872,86.550674
2024-10-06 02:00:00+02:00,73.465576,31.274422,40.16753,68.587036,74.01956,90.945656,78.383644,79.48187,42.309967,44.25064,26.352919,23.727617,-1.2229509,53.28021,46.113937,93.964294,103.49817,138.36916,118.394516,88.3526,81.165535,101.18089,103.11064,101.691055
2024-10-07 02:00:00+02:00,47.76434,46.961624,62.87231,43.701897,72.80452,99.67276,108.880486,95.41506,68.99482,73.20412,87.78368,48.427242,74.05225,66.15442,98.96473,95.879395,133.10924,162.6025,151.07942,115.410164,94.51271,66.83275,89.698616,76.88689
2024-10-08 02:00:00+02:00,60.08109,59.004185,79.103264,74.24137,81.50842,133.64058,140.1012,142.31978,102.16627,60.60929,81.65618,74.91222,84.0683,78.535286,76.124146,95.51126,130.34723,160.86293,129.19511,110.11149,87.46968,113.915,84.49175,63.229767
2024-10-09 02:00:00+02:00,70.32112,66.516335,51.571785,54.915966,64.036575,142.83047,101.408066,103.03838,108.03718,93.84756,68.302666,61.243797,63.2224,43.673664,71.86051,104.7126,146.98166,140.53676,142.04362,122.902145,91.17806,84.08753,73.02981,84.19809
2024-10-10 02:00:00+02:00,66.4054,60.461582,69.29061,100.82614,102.97283,135.2238,162.30821,130.2169,81.169876,79.3806,67.982895,77.31877,62.06493,71.59246,88.05271,145.82672,132.27501,153.73155,132.7114,93.04611,88.134674,66.98774,63.559765,62.87268
2024-10-11 02:00:00+02:00,58.798534,64.765434,49.71176,52.25801,67.96358,115.33169,124.75807,124.51883,101.84151,81.91167,105.33757,74.092926,69.378876,73.02768,92.55526,75.52761,127.79762,168.38097,145.45634,118.21006,97.04812,82.39105,78.5357,73.74521
2024-10-12 02:00:00+02:00,124.469894,71.52491,61.726788,80.65559,67.51402,89.09337,110.68245,92.01155,78.34228,58.41477,31.224543,31.092995,30.012775,57.451286,86.75457,125.69917,136.76128,159.33119,119.474205,104.91666,73.00591,76.98914,69.077515,85.12458
2024-10-13 02:00:00+02:00,43.47992,31.947514,36.624657,22.745314,45.618793,34.76533,80.15492,53.42612,35.863144,34.203617,26.639421,6.326841,-12.532151,10.372589,67.64995,67.32535,122.8483,137.70737,98.354935,81.65266,69.89554,53.273006,82.03802,45.35713
2024-10-14 02:00:00+02:00,71.80061,93.30499,59.340855,85.66572,98.79603,126.24984,140.56654,127.96346,109.414665,90.227516,107.15304,82.62927,72.38782,70.737495,95.92232,124.964134,167.72298,174.62053,128.20459,107.30058,94.868484,98.4236,88.01069,77.08476
2024-10-15 02:00:00+02:00,82.97081,77.385345,105.739136,104.98425,103.31523,145.63539,168.98581,132.64806,116.41706,103.89327,92.22911,67.47356,108.289925,78.81835,89.2601,124.54039,161.92502,151.0144,155.71834,115.140114,124.20536,109.30664,96.50048,71.744965
2024-10-16 02:00:00+02:00,58.105476,49.145958,71.137955,51.498913,85.271515,73.392296,118.73659,104.524506,78.61466,89.57189,41.87485,64.43507,39.62562,62.083954,80.140274,104.842514,136.04097,122.2009,111.38026,86.60289,90.27297,78.359955,75.50531,55.821957
2024-10-17 02:00:00+02:00,52.259155,38.232056,36.52539,27.889326,73.94059,90.52511,84.885376,89.2405,59.15525,65.53272,58.598736,42.15616,33.437725,74.23569,83.27962,76.58696,141.86465,148.93513,110.49869,77.791405,70.154915,86.49376,91.16649,27.561005
2024-10-18 02:00:00+02:00,85.85271,95.54321,75.83973,91.093,115.79594,141.27728,132.3568,126.53294,129.11,107.30607,92.794914,76.39261,71.30903,83.56817,107.61749,120.427986,145.51747,137.65356,115.93988,100.04732,126.08396,94.802284,84.236595,64.66613
2024-10-19 02:00:00+02:00,66.271034,93.72407,52.883884,79.330025,72.54575,104.06201,117.291954,93.46007,92.93371,48.13043,56.296844,34.080414,42.78158,32.321907,71.69214,101.09059,115.935875,124.34546,89.32766,85.31518,73.1988,49.028606,71.11688,29.509573
2024-10-20 02:00:00+02:00,46.8786,37.547836,35.63548,47.70583,51.658283,33.44509,86.42256,69.71558,49.92838,63.342453,28.070057,24.714136,33.76625,41.339813,47.727474,59.403294,111.820526,132.85513,125.549866,70.685936,76.389336,80.392,81.035706,63.41541
2024-10-21 02:00:00+02:00,50.734615,37.757046,37.00343,24.953585,46.343525,83.37025,112.1092,111.41475,72.15987,62.92436,60.924274,40.37089,43.55349,54.591858,48.034805,98.4524,143.18796,177.19875,128.05908,65.11864,84.27244,62.958565,61.908913,50.773567
2024-10-22 02:00:00+02:00,85.1439,69.44054,75.93028,72.129295,80.44294,117.54274,131.45703,110.94624,111.66492,79.97705,74.217026,75.81014,52.697544,73.8428,93.301636,110.270325,147.7642,139.2191,130.06482,88.77535,86.627396,49.404716,62.062187,34.248543
2024-10-23 02:00:00+02:00,89.790886,104.92324,70.31674,93.21755,115.43014,148.45665,148.30075,133.35355,106.353836,103.04084,80.7724,75.3141,67.148094,87.82787,100.72561,128.87207,145.32536,161.45554,145.97612,99.05598,92.62666,77.48469,76.514786,73.98376
2024-10-24 02:00:00+02:00,75.10244,86.3035,92.61451,50.376713,100.69238,92.35378,133.61006,138.77592,101.26228,97.10282,66.51265,58.75962,74.12418,81.08419,90.64327,127.4612,139.75818,137.18044,115.52731,93.4998,92.88964,84.342735,67.704285,65.195435
2024-10-25 02:00:00+02:00,78.40316,78.722855,53.019238,64.49468,89.471565,112.070854,124.43065,107.19596,98.37969,80.08143,90.20714,35.136166,62.040134,76.2352,38.545647,92.82433,117.27105,126.03171,119.427765,87.248726,82.53758,84.242035,70.51335,67.35338
2024-10-26 02:00:00+02:00,102.50036,78.80612,77.18804,72.27893,98.156204,112.28171,108.04622,63.36733,75.02539,55.76226,64.18437,63.138355,37.18146,39.2081,80.32272,78.76651,134.74048,129.80164,96.16369,92.97925,117.415855,96.49868,70.141365,58.750416
2024-10-27 02:00:00+02:00,67.96579,66.72043,79.65094,59.667458,54.786667,69.3551,92.88522,97.272995,46.513412,52.632812,27.898737,25.800165,5.473386,21.288942,75.83711,83.421844,125.52376,148.51807,100.50482,120.6284,85.63298,79.05887,63.652073,41.28036
2024-10-28 01:00:00+01:00,65.00975,99.81225,54.71997,88.00828,107.39183,140.5799,180.99126,166.38707,102.32192,106.95908,71.34831,111.87237,101.08069,92.3231,117.32899,155.10062,160.20056,143.17262,142.41302,114.337555,116.45205,100.30817,65.79095,84.00439
2024-10-29 01:00:00+01:00,55.508614,60.07495,85.35425,40.600395,51.61,115.58861,148.27977,120.37095,118.039024,145.65843,78.75325,113.76275,102.37098,96.58865,133.3306,115.702644,189.41197,164.86874,120.289856,96.840866,79.12822,86.25587,95.77783,28.905182
2024-10-30 01:00:00+01:00,116.10409,117.94933,97.89948,99.35242,76.84548,102.54995,179.31679,104.33813,142.96251,149.36993,114.28801,138.83754,87.04124,142.68292,84.85555,209.00314,181.07526,169.52682,128.40778,64.26072,119.358,107.38066,85.70004,62.146683
2024-10-31 01:00:00+01:00,117.02125,108.88618,87.98524,84.740616,87.6811,147.78246,119.41516,148.87912,137.03877,102.39664,101.02881,80.46642,82.252426,110.869934,95.19329,127.0634,197.64888,139.81477,121.35068,103.24731,116.67959,125.517296,111.82449,109.31736
2024-11-01 01:00:00+01:00,102.33072,75.49651,99.19874,79.772835,71.25759,73.137054,114.78028,127.795006,147.79166,140.23671,87.15163,133.1598,102.04139,148.87617,117.516266,149.3241,163.78398,161.3404,117.10001,71.4655,92.63137,108.99142,58.568825,81.63785
2024-11-02 01:00:00+01:00,104.84636,99.62121,102.29573,104.07621,86.37944,93.414696,81.73036,104.52041,111.409386,122.095985,119.12297,109.14227,103.11813,100.35796,114.3189,99.56024,123.25735,172.21828,119.781944,106.130424,123.35919,82.126236,86.91173,61.10824
2024-11-03 01:00:00+01:00,83.871284,94.71292,61.965378,81.5894,62.32095,98.335625,94.31021,85.91834,92.39696,112.018196,111.82887,77.23644,74.52681,117.27117,119.62445,94.12764,134.10217,136.37354,109.00938,138.80301,115.71234,123.498474,92.29487,85.876396
2024-11-04 01:00:00+01:00,92.48222,98.90982,121.39499,89.68217,110.86109,145.39369,136.33679,153.5262,157.82588,124.28175,128.53691,138.49432,127.53333,156.87193,127.97349,141.22638,184.22937,196.98897,120.43339,118.2581,88.503746,52.899883,87.83605,42.800076
2024-11-05 01:00:00+01:00,135.50343,129.60405,101.95866,88.09731,86.08982,157.34972,166.03824,161.63516,192.96646,145.38179,176.83585,145.46968,167.96251,163.35533,138.10283,159.54805,169.24666,214.08533,148.0906,139.24149,125.4238,117.03111,110.599754,82.356155
2024-11-06 01:00:00+01:00,126.508766,104.48808,112.35822,145.70065,155.89977,131.91084,141.69534,176.19344,163.198,111.35472,142.58002,121.82225,137.99742,132.69896,150.42886,130.79262,219.07283,182.1481,134.17741,102.26198,102.18239,122.35078,105.47702,100.785225
2024-11-07 01:00:00+01:00,121.279274,128.70235,102.445984,94.77552,123.58399,119.90412,129.57016,183.75534,179.99168,165.91742,146.99966,105.3111,132.19505,126.84126,138.80534,149.64125,217.08203,177.64964,170.61816,131.1251,103.001396,118.30139,102.89983,114.85127
2024-11-08 01:00:00+01:00,104.58252,93.51142,120.052124,101.764626,87.74379,137.20808,185.45796,156.10297,172.10567,158.43983,132.16342,137.99866,169.05815,137.95377,167.27747,145.13359,229.23785,184.74997,114.214966,129.0413,128.34608,93.984795,94.8574,101.98345
2024-11-09 01:00:00+01:00,113.77249,106.58911,76.94679,81.339516,73.81088,136.43892,118.69915,128.56102,145.01935,120.063255,100.07007,85.4901,67.75527,105.502144,115.56025,117.42772,154.38031,176.63731,117.420235,89.817154,95.79473,108.4038,103.57747,58.302982
2024-11-10 01:00:00+01:00,91.65602,101.65009,106.00755,72.6208,75.45454,110.379944,93.1241,96.90789,109.62453,104.973526,87.20618,92.686,85.44779,92.30878,121.84001,144.4749,154.6245,154.19994,143.16943,110.4056,90.113106,104.20719,82.24817,70.21445
2024-11-11 01:00:00+01:00,117.52212,27.878891,108.61714,111.57678,105.83463,119.9227,138.92482,112.82791,144.28374,119.15906,81.30204,141.17978,132.11989,134.36319,125.47597,155.86557,180.61383,187.20473,158.74275,166.62013,109.07713,88.92741,107.18078,105.29285
2024-11-12 01:00:00+01:00,65.70273,69.88752,44.56251,42.79136,79.592224,86.149605,105.761314,113.52531,124.396935,137.87943,113.68488,81.02151,113.330215,114.92349,115.5332,126.054665,166.48465,162.27127,141.94354,112.76703,76.33495,92.34029,64.29783,94.7905
2024-11-13 01:00:00+01:00,113.86906,123.91325,120.37304,120.740555,117.84729,125.93097,149.8967,146.52682,149.71912,164.20604,134.32742,115.18692,140.75456,143.75217,145.39186,183.08372,245.76431,220.3105,184.13641,141.91249,133.35281,144.22481,124.33384,92.78882
2024-11-14 01:00:00+01:00,97.08592,114.02969,82.42812,92.00059,126.43978,133.02887,161.66684,118.7595,156.06528,178.07707,157.88803,128.83696,117.824745,150.76132,139.97087,176.5484,208.31343,175.27603,163.97388,133.504,116.81691,100.77721,94.15718,82.099884
2024-11-15 01:00:00+01:00,113.37134,105.26597,93.877594,113.392815,112.23064,122.12393,144.27654,153.47926,169.30566,139.50543,117.14674,125.076614,118.32316,139.33064,140.97426,173.96246,198.3016,199.65163,144.82245,143.41615,95.747475,133.97562,105.80481,109.0541
2024-11-16 01:00:00+01:00,79.020935,55.14551,61.70498,72.94569,84.43046,85.58474,101.54903,108.039635,95.68258,89.29362,68.67996,70.58127,69.58403,77.6957,113.33414,133.97491,166.24373,152.48743,113.96116,105.101395,82.494125,110.997185,86.58296,71.43068
2024-11-17 01:00:00+01:00,42.722374,63.63976,74.899574,56.16763,48.742104,74.093864,88.240486,86.370514,67.76873,75.82287,67.87814,68.22725,44.910515,75.25993,90.42842,89.355194,136.13103,118.625496,117.277145,102.96383,107.451324,85.67284,86.0426,63.81296
2024-11-18 01:00:00+01:00,91.440796,90.800354,63.387623,93.339775,67.99464,99.27349,146.42548,133.87828,124.39706,121.70621,87.44227,69.56742,133.60704,108.74828,119.34753,161.723,163.00856,175.2998,176.1607,150.47208,113.75424,112.563995,75.08116,88.17502
2024-11-19 01:00:00+01:00,105.67964,105.97216,97.80251,70.734055,73.11091,145.73413,142.84294,157.27321,135.36423,145.96904,141.14467,111.05938,84.97626,147.09111,136.41016,179.08842,207.88544,213.21263,174.96576,110.3333,128.65001,114.46399,97.01633,83.28694
2024-11-20 01:00:00+01:00,103.4674,87.009155,91.45029,86.01073,72.225945,120.193245,150.72774,152.76611,131.60114,94.96706,116.157234,119.03635,105.97981,107.7474,104.02269,140.36557,174.24327,145.77914,108.25007,136.62645,113.82077,117.10742,94.15088,83.86924
2024-11-21 01:00:00+01:00,95.98426,60.451435,69.7867,61.910793,60.263866,68.43417,116.342674,140.71173,144.49213,115.05799,124.9922,88.30026,86.4249,139.85492,142.90187,134.0964,135.00587,156.83069,120.05519,133.31009,117.98886,86.064125,83.66363,81.57414
2024-11-22 01:00:00+01:00,67.75302,94.525276,75.886536,99.15258,97.16931,98.83968,132.71965,138.42595,123.44409,107.07145,110.63355,137.00583,101.189285,108.18203,144.67969,156.23108,181.31458,182.64247,116.87305,112.95218,94.59393,104.29377,110.21971,121.45833
2024-11-23 01:00:00+01:00,71.55527,87.6782,72.09996,52.638912,58.524796,83.652374,80.40317,103.1892,127.32695,102.031815,106.19733,99.47722,100.10023,98.098305,106.82279,136.1469,112.83974,119.533005,107.35582,115.63742,95.39624,121.28734,83.06697,66.026794
2024-11-24 01:00:00+01:00,66.340385,56.94473,45.388554,30.634064,22.055323,1.5149139,29.524958,21.761782,77.20183,33.840885,63.420483,37.85496,54.84039,45.607296,92.28439,109.7044,132.11845,119.8948,92.66496,64.07704,86.04833,68.77199,87.00621,74.71176
2024-11-25 01:00:00+01:00,43.610855,52.31071,11.772701,64.17406,70.71053,97.6881,105.51409,99.65128,132.08507,98.09061,76.328896,94.9184,79.399994,101.00876,123.90482,119.11888,161.51949,173.68037,134.84138,120.20634,98.09744,81.914696,112.315704,85.43838
2024-11-26 01:00:00+01:00,84.92135,43.586754,54.44779,55.06433,54.006207,78.66045,97.43368,100.8304,114.197495,125.326744,92.506165,74.892944,90.194695,106.00944,118.73454,113.768394,162.10321,145.20294,121.08299,97.85902,80.11433,80.02226,79.23223,84.26274
2024-11-27 01:00:00+01:00,109.53844,94.99185,103.96009,109.341545,99.43127,100.303955,155.29039,141.39754,144.49556,127.71259,126.38327,110.87648,130.08784,111.70277,147.82416,169.66733,190.34505,153.95607,156.10194,135.40793,106.72741,111.410576,90.688324,107.5494
2024-11-28 01:00:00+01:00,71.869225,58.8023,55.59421,23.874142,37.700375,70.84654,109.74748,103.580864,68.66933,105.989716,95.9039,61.059055,93.66674,104.39586,113.90089,148.4166,138.083,136.03302,127.86555,116.6428,86.87171,99.0651,55.312046,49.464867
2024-11-29 01:00:00+01:00,122.603485,83.53105,97.62644,95.04603,94.56709,123.58162,164.80254,140.73366,160.87794,117.37375,144.30922,125.60498,125.95368,175.83046,137.39532,181.21617,173.45128,190.45406,152.80544,141.44608,116.50377,112.07724,93.90664,92.088806
2024-11-30 01:00:00+01:00,111.24801,62.398773,54.82083,67.37085,71.55563,99.46503,99.21985,98.899506,135.13742,92.87569,104.98372,80.807304,94.40984,79.68993,85.65483,113.58496,141.55643,138.81639,127.307556,113.232704,97.16293,121.82315,85.95156,92.418884
2024-12-01 01:00:00+01:00,62.180275,56.402126,53.945198,31.188372,24.67285,18.715197,82.75477,61.704857,68.256546,99.559135,67.4346,23.064837,49.920113,34.199524,47.950474,85.72071,116.19132,96.10501,79.857574,78.935005,69.69979,90.12273,40.506615,51.052013
2024-12-02 01:00:00+01:00,34.742786,35.957417,36.139256,45.98754,60.315998,82.782104,88.36876,84.26912,85.8365,113.15214,88.21696,78.79572,72.289,87.623,90.71615,109.419945,129.94223,110.13759,107.87842,82.55223,68.58483,71.80077,86.35439,65.160904
2024-12-03 01:00:00+01:00,65.00779,44.75912,47.883163,31.75602,68.03543,89.48895,101.42034,108.3227,93.66699,114.671974,96.30432,92.26393,77.08751,86.579895,102.76342,105.78222,130.7233,125.82692,125.4801,107.4235,81.69419,69.015114,57.539955,73.92496
2024-12-04 01:00:00+01:00,122.679306,91.63237,103.122505,114.54558,79.02433,115.878586,135.33894,138.65672,139.71793,126.083305,143.49837,114.33273,128.56311,110.58764,119.15173,163.89319,151.96736,153.16559,122.74281,105.29158,90.56766,83.29958,97.25,79.625694
2024-12-05 01:00:00+01:00,83.1941,75.97234,75.76526,61.25943,77.273026,74.870766,106.02196,133.44472,124.200775,113.097885,101.25131,80.38622,78.86365,119.520935,98.79525,129.95856,147.43155,126.66495,124.65238,103.239,67.042206,87.758064,77.1148,50.803112
2024-12-06 01:00:00+01:00,32.965332,31.97018,26.830997,32.017605,3.9885342,43.889095,47.317398,89.76621,89.77652,90.58836,93.73958,73.270325,71.12625,85.51628,88.30497,69.50568,100.561035,83.90451,66.837204,65.50555,72.45717,51.724857,62.259575,63.828224
2024-12-07 01:00:00+01:00,67.72397,48.599506,51.407337,55.62551,57.640816,69.29258,93.93484,72.71478,74.29305,84.93538,85.85537,68.12692,57.093914,70.45991,73.996445,88.85465,109.20942,103.87498,113.06482,75.70114,66.65733,68.10552,84.7006,52.064102
2024-12-08 01:00:00+01:00,35.930782,49.415356,36.795612,52.603477,36.081154,24.069769,32.295353,16.798054,31.448198,82.88243,36.03156,23.363903,50.435345,49.8348,74.54801,24.065145,51.48819,82.66606,71.73465,85.10683,88.02918,59.696014,54.787117,44.53109
2024-12-09 01:00:00+01:00,37.650005,58.815025,29.876888,39.72587,39.66924,64.95648,102.9926,97.36396,92.52838,101.28613,100.208084,95.289444,94.60424,98.70797,102.69276,94.30199,111.07006,95.52219,112.831795,105.34101,91.453766,91.042305,49.41286,67.94226
2024-12-10 01:00:00+01:00,41.282776,35.445297,23.39459,31.933805,57.826458,67.20223,75.98511,115.02272,110.90663,96.27466,118.571815,98.782196,104.73212,102.74533,95.016815,103.77166,129.17085,125.893326,104.0765,86.26115,75.75941,97.9253,78.39294,51.02775
2024-12-11 01:00:00+01:00,100.43108,114.27941,55.35562,77.413,86.874825,113.04849,127.49929,104.33489,116.620056,138.47264,136.032,111.11462,116.058014,136.76262,128.96495,147.68617,161.0174,154.52989,118.61944,111.41446,108.68813,128.34146,91.54022,111.7134
2024-12-12 01:00:00+01:00,107.409096,68.595345,116.100075,114.0103,101.46061,109.3719,134.17493,155.07623,175.63742,166.45793,127.0321,116.65443,123.769714,128.00401,149.55672,161.61119,167.22043,163.82053,152.45886,132.74274,94.160614,109.7767,76.571945,61.15595
2024-12-13 01:00:00+01:00,90.79365,91.87694,108.38891,109.24396,100.27052,90.768234,132.39052,181.85564,185.02628,152.89656,153.46072,159.37079,150.78928,175.27419,139.40666,175.5643,179.942,172.37708,145.86937,125.24446,108.331825,111.756935,99.2813,96.5236
2024-12-14 01:00:00+01:00,86.759766,93.82567,83.17429,113.567245,91.06726,84.78612,99.29747,182.9971,129.06026,112.88483,144.18675,133.66722,115.544624,137.30449,141.17007,184.6744,164.46944,162.5221,131.12212,123.12927,92.7101,111.3816,102.581375,91.32304
2024-12-15 01:00:00+01:00,28.73427,45.200455,60.8086,63.598965,47.378407,8.2545,52.619392,30.478292,80.06126,68.09681,67.21586,48.600895,56.402493,77.308624,87.754715,94.21631,110.73502,100.26877,99.422714,79.27569,62.450165,54.089596,92.18283,38.909607
2024-12-16 01:00:00+01:00,49.00512,39.38241,21.766651,21.792511,38.84181,30.482834,72.81295,112.40278,92.26495,97.46167,86.0746,64.06755,87.05257,82.168915,85.192795,78.5075,133.81456,135.16156,108.73502,111.61639,82.67261,75.84685,44.73244,34.09171
2024-12-17 01:00:00+01:00,39.49092,32.175056,49.388145,55.332054,43.0606,83.108376,77.68973,105.89327,110.334526,88.97381,80.47342,85.73834,114.38895,89.440796,116.2752,124.57758,123.35023,126.77734,105.18561,120.80422,76.41429,67.63158,61.879818,49.57604
2024-12-18 01:00:00+01:00,67.842995,57.011997,39.03604,37.927876,62.135674,71.254814,86.08426,136.27518,107.00131,119.37936,94.53603,85.29468,99.40017,120.81944,111.326324,110.823326,144.46086,102.28898,119.043304,96.7986,94.69987,70.81839,51.864017,63.388485
2024-12-19 01:00:00+01:00,43.71045,47.36908,29.909418,60.71261,25.80573,50.131287,86.89287,130.12169,109.454025,119.01384,80.08127,68.2613,113.93092,90.857925,115.40808,111.77347,110.79591,112.52332,102.45723,104.460464,93.91626,87.45867,58.6705,60.61052
2024-12-20 01:00:00+01:00,79.32254,43.27435,28.023045,27.326508,28.748714,48.926804,66.08187,113.26155,119.90237,124.98709,105.42657,78.584755,100.76624,89.15818,76.36396,117.66631,109.876495,119.10071,108.75741,104.83707,81.492424,70.4843,59.89193,70.89224
2024-12-21 01:00:00+01:00,46.931263,39.778446,44.119457,20.819168,26.010399,46.754745,43.373985,99.143295,98.452034,84.70727,95.417435,80.914635,78.954605,64.75116,67.56566,90.800644,97.32279,78.65481,77.29205,67.11332,78.02693,91.89911,60.976852,37.565266
2024-12-22 01:00:00+01:00,43.416946,39.204132,32.757393,33.35143,11.077719,13.717833,34.488483,47.628086,61.20939,66.488594,64.97894,49.130695,35.29341,65.46799,63.5729,81.125565,74.070335,88.67445,74.473045,74.455864,83.28633,54.716328,45.278076,58.381996
2024-12-23 01:00:00+01:00,72.6237,24.76119,54.528027,34.54364,63.458862,87.19247,99.94789,111.38353,105.8348,128.70042,105.00978,119.84402,113.66201,103.673706,82.81672,123.82377,136.98346,134.79478,130.67493,106.4673,86.52269,85.66543,77.22891,65.894714
2024-12-24 01:00:00+01:00,65.8191,67.17244,55.348705,68.05143,83.4608,91.50467,113.96161,135.65793,150.10648,118.2351,126.88991,106.624016,137.94579,118.75995,132.83455,145.30867,157.61978,162.52463,138.42195,120.7347,108.53924,101.4228,78.17685,69.10059
2024-12-25 01:00:00+01:00,77.08317,61.088028,65.681984,88.949135,69.491806,115.19727,115.46491,138.86423,147.7982,135.554,156.36026,115.82924,120.32373,141.45883,127.22429,150.55785,153.11403,146.26695,131.04274,120.503685,101.73168,80.161835,70.03674,61.820366
2024-12-26 01:00:00+01:00,62.63274,67.75965,82.21065,70.91901,98.700645,93.34383,90.47547,120.79555,153.69814,170.01373,124.11833,99.79772,102.687515,133.59174,158.70708,138.4976,176.25543,149.02945,107.60738,80.505135,87.06567,97.93484,56.150524,72.93451
2024-12-27 01:00:00+01:00,96.76779,91.22606,88.707886,88.36573,99.176926,127.076614,123.55101,157.90697,162.9052,161.92949,129.87471,128.084,128.61536,132.219,132.78537,167.9848,149.36436,164.38866,123.1983,117.29768,106.861626,76.69171,88.63104,77.51211
2024-12-28 01:00:00+01:00,107.49216,123.41713,123.44376,116.00952,77.80868,109.18057,124.36895,115.317245,125.25203,131.36905,153.50696,65.24982,126.70451,88.26021,138.16658,171.86058,145.07167,135.67618,112.64157,98.47752,109.29388,110.47459,65.68186,92.5864
2024-12-29 01:00:00+01:00,94.75654,108.75556,53.795933,55.254105,58.537727,81.31513,57.85273,95.68017,102.854256,77.47466,114.23813,100.74324,83.35875,89.0135,123.25645,150.65314,136.95837,161.94012,102.7155,110.13182,93.622925,79.119995,77.27924,60.856434
2024-12-30 01:00:00+01:00,60.831924,34.601578,52.75528,44.111603,53.924576,93.19329,83.88679,108.52594,99.8724,108.591034,102.5376,76.23544,102.291145,74.61528,96.32515,111.44388,132.59048,131.2175,109.2415,92.5675,94.24876,76.43938,59.055126,49.240475
