Timestamp,Price,Biomass,Fossil Gas,Fossil Hard coal,Hydro Run-of-river and poundage,Nuclear,Other,Solar,Waste,Wind Offshore,Wind Onshore,Hour
2021-01-01 00:00:00+01:00,50.87,15.0,6063.0,2111.0,0.0,484.0,2121.0,0.0,419.0,123.0,140.0,0
2021-01-01 01:00:00+01:00,48.19,17.0,4588.0,2119.0,0.0,484.0,1532.0,0.0,419.0,192.0,154.0,1
2021-01-01 02:00:00+01:00,44.68,16.0,3829.0,1946.0,0.0,484.0,996.0,0.0,418.0,217.0,159.0,2
2021-01-01 03:00:00+01:00,42.92,17.0,3113.0,1627.0,0.0,484.0,905.0,0.0,441.0,189.0,203.0,3
2021-01-01 04:00:00+01:00,40.39,17.0,2886.0,1284.0,0.0,484.0,890.0,0.0,442.0,219.0,222.0,4
2021-01-01 05:00:00+01:00,40.2,17.0,2841.0,1220.0,0.0,484.0,865.0,0.0,436.0,211.0,262.0,5
2021-01-01 06:00:00+01:00,39.63,17.0,2783.0,1369.0,0.0,484.0,860.0,0.0,433.0,256.0,274.0,6
2021-01-01 07:00:00+01:00,40.09,17.0,2968.0,1357.0,0.0,484.0,848.0,0.0,439.0,238.0,277.0,7
2021-01-01 08:00:00+01:00,41.27,16.0,3124.0,1620.0,0.0,484.0,864.0,0.0,446.0,286.0,275.0,8
2021-01-01 09:00:00+01:00,44.88,17.0,3644.0,1942.0,0.0,484.0,890.0,2.0,422.0,262.0,224.0,9
2021-01-01 10:00:00+01:00,45.0,16.0,4119.0,2280.0,0.0,484.0,1026.0,12.0,420.0,232.0,254.0,10
2021-01-01 11:00:00+01:00,47.2,16.0,4233.0,2371.0,0.0,484.0,1250.0,30.0,423.0,200.0,269.0,11
2021-01-01 12:00:00+01:00,50.78,18.0,4429.0,2531.0,0.0,483.0,1523.0,35.0,420.0,231.0,275.0,12
2021-01-01 13:00:00+01:00,45.49,17.0,4322.0,2521.0,0.0,483.0,1412.0,40.0,420.0,254.0,253.0,13
2021-01-01 14:00:00+01:00,44.73,17.0,4545.0,2552.0,0.0,484.0,1439.0,44.0,425.0,248.0,239.0,14
2021-01-01 15:00:00+01:00,46.59,17.0,5011.0,2649.0,0.0,484.0,1597.0,24.0,428.0,237.0,244.0,15
2021-01-01 16:00:00+01:00,52.99,17.0,5393.0,2693.0,0.0,484.0,1701.0,4.0,386.0,235.0,263.0,16
2021-01-01 17:00:00+01:00,60.26,15.0,5614.0,2832.0,0.0,484.0,2350.0,0.0,378.0,194.0,276.0,17
2021-01-01 18:00:00+01:00,60.61,15.0,5793.0,2925.0,0.0,484.0,3331.0,0.0,380.0,252.0,267.0,18
2021-01-01 19:00:00+01:00,60.36,16.0,5680.0,2949.0,0.0,484.0,3255.0,0.0,382.0,183.0,288.0,19
2021-01-01 20:00:00+01:00,57.4,16.0,5687.0,2857.0,0.0,484.0,3039.0,0.0,394.0,225.0,269.0,20
2021-01-01 21:00:00+01:00,53.86,16.0,5704.0,2898.0,0.0,483.0,2916.0,0.0,383.0,235.0,299.0,21
2021-01-01 22:00:00+01:00,53.45,16.0,5690.0,2806.0,0.0,483.0,2648.0,0.0,390.0,249.0,300.0,22
2021-01-01 23:00:00+01:00,49.72,17.0,5456.0,2697.0,0.0,483.0,2380.0,0.0,408.0,203.0,292.0,23
2021-01-02 00:00:00+01:00,46.69,16.0,4923.0,2447.0,0.0,483.0,1609.0,0.0,425.0,183.0,272.0,0
2021-01-02 01:00:00+01:00,42.43,16.0,3958.0,2070.0,0.0,483.0,1108.0,0.0,436.0,102.0,276.0,1
2021-01-02 02:00:00+01:00,41.09,16.0,3471.0,1683.0,0.0,484.0,881.0,0.0,443.0,62.0,239.0,2
2021-01-02 03:00:00+01:00,40.0,17.0,3260.0,1581.0,0.0,484.0,703.0,0.0,444.0,39.0,235.0,3
2021-01-02 04:00:00+01:00,37.55,17.0,3199.0,1577.0,0.0,484.0,645.0,0.0,442.0,132.0,203.0,4
2021-01-02 05:00:00+01:00,39.0,17.0,3237.0,1593.0,0.0,484.0,652.0,0.0,441.0,90.0,186.0,5
2021-01-02 06:00:00+01:00,42.09,17.0,3420.0,1779.0,0.0,484.0,703.0,0.0,440.0,93.0,175.0,6
2021-01-02 07:00:00+01:00,44.96,16.0,4242.0,2323.0,0.0,484.0,846.0,0.0,442.0,100.0,156.0,7
2021-01-02 08:00:00+01:00,48.45,16.0,6155.0,2766.0,0.0,484.0,1165.0,0.0,443.0,87.0,156.0,8
2021-01-02 09:00:00+01:00,52.0,16.0,7307.0,2883.0,0.0,484.0,1360.0,1.0,437.0,77.0,155.0,9
2021-01-02 10:00:00+01:00,52.0,16.0,7962.0,2980.0,0.0,483.0,1499.0,11.0,422.0,84.0,120.0,10
2021-01-02 11:00:00+01:00,52.15,17.0,8217.0,3094.0,0.0,483.0,1573.0,25.0,430.0,12.0,117.0,11
2021-01-02 12:00:00+01:00,55.95,17.0,8420.0,3092.0,0.0,483.0,1637.0,21.0,416.0,166.0,104.0,12
2021-01-02 13:00:00+01:00,52.0,16.0,8366.0,3173.0,0.0,484.0,1736.0,20.0,412.0,62.0,100.0,13
2021-01-02 14:00:00+01:00,50.69,17.0,8290.0,3158.0,0.0,483.0,1618.0,15.0,417.0,34.0,98.0,14
2021-01-02 15:00:00+01:00,53.45,16.0,8360.0,3181.0,0.0,484.0,1480.0,10.0,422.0,50.0,95.0,15
2021-01-02 16:00:00+01:00,59.99,16.0,8423.0,3174.0,0.0,484.0,1608.0,1.0,415.0,96.0,75.0,16
2021-01-02 17:00:00+01:00,62.0,15.0,8404.0,3164.0,0.0,484.0,2301.0,0.0,410.0,116.0,72.0,17
2021-01-02 18:00:00+01:00,63.08,16.0,8463.0,3164.0,0.0,484.0,3070.0,0.0,403.0,110.0,86.0,18
2021-01-02 19:00:00+01:00,62.17,16.0,8423.0,3166.0,0.0,484.0,2925.0,0.0,404.0,136.0,100.0,19
2021-01-02 20:00:00+01:00,60.03,17.0,8388.0,3158.0,0.0,484.0,2710.0,0.0,415.0,100.0,85.0,20
2021-01-02 21:00:00+01:00,55.03,16.0,8120.0,3089.0,0.0,484.0,2336.0,0.0,415.0,129.0,84.0,21
2021-01-02 22:00:00+01:00,52.25,16.0,7582.0,2926.0,0.0,484.0,1851.0,0.0,426.0,41.0,83.0,22
2021-01-02 23:00:00+01:00,48.45,16.0,6511.0,2833.0,0.0,484.0,1644.0,0.0,421.0,208.0,82.0,23
2021-01-03 00:00:00+01:00,46.11,16.0,4818.0,2674.0,0.0,484.0,733.0,0.0,432.0,87.0,88.0,0
2021-01-03 01:00:00+01:00,43.0,17.0,3846.0,2476.0,0.0,484.0,532.0,0.0,436.0,213.0,96.0,1
2021-01-03 02:00:00+01:00,39.55,17.0,3376.0,2177.0,0.0,484.0,527.0,0.0,441.0,222.0,103.0,2
2021-01-03 03:00:00+01:00,45.3,17.0,3776.0,2244.0,0.0,484.0,536.0,0.0,440.0,203.0,131.0,3
2021-01-03 04:00:00+01:00,43.0,16.0,3609.0,2298.0,0.0,484.0,579.0,0.0,436.0,334.0,138.0,4
2021-01-03 05:00:00+01:00,43.0,17.0,3461.0,2288.0,0.0,484.0,580.0,0.0,438.0,321.0,157.0,5
2021-01-03 06:00:00+01:00,42.0,16.0,3364.0,2259.0,0.0,484.0,734.0,0.0,450.0,229.0,206.0,6
2021-01-03 07:00:00+01:00,45.3,17.0,4006.0,2347.0,0.0,484.0,927.0,0.0,441.0,679.0,236.0,7
2021-01-03 08:00:00+01:00,43.32,17.0,4141.0,2722.0,0.0,483.0,993.0,0.0,435.0,694.0,258.0,8
2021-01-03 09:00:00+01:00,60.9,16.0,4889.0,2992.0,0.0,484.0,1116.0,0.0,394.0,724.0,286.0,9
2021-01-03 10:00:00+01:00,72.23,17.0,5301.0,3110.0,0.0,483.0,1456.0,8.0,403.0,623.0,293.0,10
2021-01-03 11:00:00+01:00,62.16,17.0,5338.0,3161.0,0.0,483.0,1555.0,21.0,426.0,807.0,290.0,11
2021-01-03 12:00:00+01:00,60.9,17.0,5363.0,3163.0,0.0,484.0,1830.0,30.0,442.0,746.0,352.0,12
2021-01-03 13:00:00+01:00,59.0,17.0,5311.0,3173.0,0.0,484.0,2031.0,27.0,426.0,697.0,482.0,13
2021-01-03 14:00:00+01:00,52.65,18.0,4876.0,3168.0,0.0,484.0,2391.0,26.0,430.0,942.0,630.0,14
2021-01-03 15:00:00+01:00,44.67,18.0,4709.0,3055.0,0.0,484.0,2517.0,8.0,432.0,1224.0,724.0,15
2021-01-03 16:00:00+01:00,57.67,17.0,4545.0,2928.0,0.0,484.0,3044.0,0.0,408.0,1387.0,800.0,16
2021-01-03 17:00:00+01:00,70.0,17.0,5124.0,3052.0,0.0,484.0,3819.0,0.0,410.0,1408.0,852.0,17
2021-01-03 18:00:00+01:00,59.9,17.0,4901.0,3116.0,0.0,484.0,5084.0,0.0,408.0,1557.0,869.0,18
2021-01-03 19:00:00+01:00,44.3,17.0,4605.0,2779.0,0.0,484.0,4616.0,0.0,413.0,1591.0,998.0,19
2021-01-03 20:00:00+01:00,42.0,17.0,4160.0,2347.0,0.0,484.0,4368.0,0.0,410.0,1585.0,935.0,20
2021-01-03 21:00:00+01:00,41.23,17.0,3930.0,1883.0,0.0,484.0,4261.0,0.0,408.0,1542.0,1009.0,21
2021-01-03 22:00:00+01:00,42.9,17.0,3762.0,1777.0,0.0,484.0,4285.0,0.0,399.0,1491.0,1045.0,22
2021-01-03 23:00:00+01:00,33.5,17.0,3299.0,1718.0,0.0,484.0,3617.0,0.0,398.0,1534.0,958.0,23
2021-01-04 00:00:00+01:00,41.96,17.0,3171.0,1554.0,0.0,484.0,3218.0,0.0,404.0,1559.0,946.0,0
2021-01-04 01:00:00+01:00,39.0,16.0,2545.0,1458.0,0.0,484.0,3276.0,0.0,413.0,1574.0,967.0,1
2021-01-04 02:00:00+01:00,37.14,16.0,2454.0,1426.0,0.0,484.0,3281.0,0.0,410.0,1585.0,998.0,2
2021-01-04 03:00:00+01:00,35.79,16.0,2445.0,1429.0,0.0,484.0,3282.0,0.0,406.0,1583.0,1024.0,3
2021-01-04 04:00:00+01:00,36.63,17.0,2497.0,1430.0,0.0,484.0,3300.0,0.0,398.0,1576.0,1043.0,4
2021-01-04 05:00:00+01:00,41.83,16.0,2577.0,1424.0,0.0,484.0,3409.0,0.0,388.0,1603.0,1118.0,5
2021-01-04 06:00:00+01:00,38.74,17.0,3908.0,1552.0,0.0,484.0,3635.0,0.0,385.0,1607.0,1181.0,6
2021-01-04 07:00:00+01:00,41.61,16.0,4887.0,2085.0,0.0,435.0,3937.0,0.0,360.0,1609.0,1180.0,7
2021-01-04 08:00:00+01:00,60.0,17.0,6271.0,2658.0,0.0,463.0,4238.0,0.0,356.0,1606.0,1163.0,8
2021-01-04 09:00:00+01:00,64.83,16.0,6536.0,2933.0,0.0,483.0,4535.0,1.0,360.0,1610.0,1188.0,9
2021-01-04 10:00:00+01:00,60.0,16.0,6718.0,2912.0,0.0,483.0,4597.0,7.0,379.0,1611.0,1264.0,10
2021-01-04 11:00:00+01:00,58.4,16.0,6832.0,2946.0,0.0,484.0,4556.0,12.0,380.0,1608.0,1285.0,11
2021-01-04 12:00:00+01:00,59.34,16.0,7005.0,2913.0,0.0,483.0,4556.0,20.0,383.0,1594.0,1267.0,12
2021-01-04 13:00:00+01:00,58.4,16.0,6877.0,2967.0,0.0,483.0,4562.0,16.0,389.0,1584.0,1235.0,13
2021-01-04 14:00:00+01:00,59.91,16.0,7003.0,2961.0,0.0,483.0,4427.0,15.0,379.0,1579.0,1181.0,14
2021-01-04 15:00:00+01:00,59.52,15.0,6980.0,2955.0,0.0,483.0,4323.0,7.0,376.0,1593.0,1135.0,15
2021-01-04 16:00:00+01:00,62.06,15.0,6864.0,2946.0,0.0,483.0,4399.0,0.0,382.0,1588.0,1128.0,16
2021-01-04 17:00:00+01:00,67.37,16.0,6983.0,2941.0,0.0,484.0,5082.0,0.0,386.0,1589.0,1113.0,17
2021-01-04 18:00:00+01:00,61.56,16.0,6682.0,2906.0,0.0,464.0,5782.0,0.0,382.0,1593.0,1050.0,18
2021-01-04 19:00:00+01:00,42.9,17.0,5960.0,2668.0,0.0,481.0,5519.0,0.0,381.0,1589.0,1116.0,19
2021-01-04 20:00:00+01:00,41.39,17.0,5754.0,2317.0,0.0,484.0,5165.0,0.0,392.0,1593.0,1102.0,20
2021-01-04 21:00:00+01:00,42.9,17.0,5277.0,2062.0,0.0,484.0,5192.0,0.0,405.0,1588.0,1062.0,21
2021-01-04 22:00:00+01:00,41.94,17.0,4485.0,1749.0,0.0,484.0,4361.0,0.0,389.0,1574.0,953.0,22
2021-01-04 23:00:00+01:00,40.0,17.0,4101.0,1567.0,0.0,483.0,4032.0,0.0,392.0,1571.0,873.0,23
2021-01-05 00:00:00+01:00,41.82,17.0,3773.0,1599.0,0.0,484.0,3617.0,0.0,413.0,1558.0,906.0,0
2021-01-05 01:00:00+01:00,41.98,17.0,3324.0,1722.0,0.0,484.0,3256.0,0.0,420.0,1557.0,842.0,1
2021-01-05 02:00:00+01:00,41.92,17.0,3034.0,1789.0,0.0,484.0,3101.0,0.0,415.0,1552.0,821.0,2
2021-01-05 03:00:00+01:00,42.0,17.0,3016.0,1838.0,0.0,484.0,3015.0,0.0,366.0,1540.0,760.0,3
2021-01-05 04:00:00+01:00,41.96,18.0,3022.0,1895.0,0.0,484.0,3047.0,0.0,381.0,1539.0,730.0,4
2021-01-05 05:00:00+01:00,45.0,17.0,3390.0,2026.0,0.0,484.0,3046.0,0.0,366.0,1527.0,747.0,5
2021-01-05 06:00:00+01:00,36.97,17.0,4287.0,2289.0,0.0,484.0,3266.0,0.0,361.0,1479.0,755.0,6
2021-01-05 07:00:00+01:00,45.1,16.0,5863.0,2599.0,0.0,484.0,3700.0,0.0,341.0,1466.0,716.0,7
2021-01-05 08:00:00+01:00,58.08,16.0,6642.0,2841.0,0.0,483.0,3724.0,0.0,365.0,1401.0,695.0,8
2021-01-05 09:00:00+01:00,60.0,17.0,6964.0,2989.0,0.0,483.0,3624.0,0.0,390.0,1251.0,566.0,9
2021-01-05 10:00:00+01:00,59.22,16.0,7034.0,3000.0,0.0,483.0,3593.0,5.0,393.0,1161.0,513.0,10
2021-01-05 11:00:00+01:00,60.47,17.0,6940.0,3007.0,0.0,485.0,3633.0,7.0,390.0,1136.0,568.0,11
2021-01-05 12:00:00+01:00,59.51,16.0,7058.0,3009.0,0.0,484.0,3631.0,9.0,394.0,1131.0,599.0,12
2021-01-05 13:00:00+01:00,64.35,16.0,6943.0,3008.0,0.0,483.0,3686.0,7.0,409.0,1187.0,614.0,13
2021-01-05 14:00:00+01:00,59.91,17.0,6911.0,3016.0,0.0,483.0,3688.0,5.0,407.0,1262.0,542.0,14
2021-01-05 15:00:00+01:00,60.87,16.0,6910.0,3015.0,0.0,483.0,3681.0,3.0,393.0,1282.0,561.0,15
2021-01-05 16:00:00+01:00,62.21,17.0,6729.0,3016.0,0.0,483.0,3738.0,0.0,387.0,1208.0,589.0,16
2021-01-05 17:00:00+01:00,62.98,17.0,6783.0,3004.0,0.0,484.0,4363.0,0.0,411.0,1200.0,579.0,17
2021-01-05 18:00:00+01:00,45.7,17.0,6428.0,2842.0,0.0,484.0,5034.0,0.0,407.0,1173.0,581.0,18
2021-01-05 19:00:00+01:00,43.37,17.0,5902.0,2651.0,0.0,484.0,4640.0,0.0,404.0,1154.0,614.0,19
2021-01-05 20:00:00+01:00,42.12,17.0,5291.0,2639.0,0.0,484.0,3900.0,0.0,400.0,1093.0,642.0,20
2021-01-05 21:00:00+01:00,45.65,16.0,5103.0,2730.0,0.0,484.0,3549.0,0.0,406.0,1103.0,568.0,21
2021-01-05 22:00:00+01:00,45.6,17.0,4214.0,2623.0,0.0,484.0,3403.0,0.0,400.0,1025.0,514.0,22
2021-01-05 23:00:00+01:00,42.45,17.0,3751.0,2126.0,0.0,484.0,3059.0,0.0,416.0,1062.0,537.0,23
2021-01-06 00:00:00+01:00,44.62,17.0,3149.0,2054.0,0.0,484.0,2072.0,0.0,410.0,1136.0,541.0,0
2021-01-06 01:00:00+01:00,44.7,17.0,3296.0,1889.0,0.0,484.0,2118.0,0.0,408.0,1035.0,531.0,1
2021-01-06 02:00:00+01:00,45.27,17.0,3281.0,2072.0,0.0,484.0,2050.0,0.0,420.0,905.0,556.0,2
2021-01-06 03:00:00+01:00,44.08,18.0,3226.0,2164.0,0.0,484.0,1842.0,0.0,423.0,880.0,553.0,3
2021-01-06 04:00:00+01:00,44.33,18.0,3542.0,2238.0,0.0,484.0,1661.0,0.0,416.0,846.0,486.0,4
2021-01-06 05:00:00+01:00,45.79,17.0,3340.0,2382.0,0.0,484.0,1614.0,0.0,405.0,947.0,417.0,5
2021-01-06 06:00:00+01:00,42.16,17.0,3897.0,2285.0,0.0,484.0,1804.0,0.0,387.0,1198.0,408.0,6
2021-01-06 07:00:00+01:00,46.11,17.0,5826.0,2241.0,0.0,484.0,2335.0,0.0,380.0,1080.0,311.0,7
2021-01-06 08:00:00+01:00,60.1,17.0,7446.0,2639.0,0.0,484.0,2508.0,0.0,378.0,811.0,307.0,8
2021-01-06 09:00:00+01:00,50.0,15.0,7942.0,2588.0,0.0,484.0,2454.0,1.0,380.0,703.0,242.0,9
2021-01-06 10:00:00+01:00,52.4,16.0,8137.0,2674.0,0.0,484.0,2424.0,5.0,381.0,548.0,216.0,10
2021-01-06 11:00:00+01:00,60.0,16.0,7993.0,2818.0,0.0,483.0,2469.0,9.0,374.0,591.0,175.0,11
2021-01-06 12:00:00+01:00,53.2,16.0,8111.0,2804.0,0.0,483.0,2454.0,16.0,382.0,484.0,122.0,12
2021-01-06 13:00:00+01:00,56.22,16.0,7978.0,2826.0,0.0,483.0,2382.0,17.0,367.0,460.0,128.0,13
2021-01-06 14:00:00+01:00,59.94,16.0,8219.0,2781.0,0.0,483.0,2369.0,18.0,370.0,319.0,130.0,14
2021-01-06 15:00:00+01:00,56.91,16.0,8120.0,2820.0,0.0,483.0,2206.0,12.0,377.0,373.0,121.0,15
2021-01-06 16:00:00+01:00,64.0,16.0,8058.0,2891.0,0.0,483.0,2314.0,2.0,377.0,368.0,134.0,16
2021-01-06 17:00:00+01:00,68.83,16.0,8148.0,2945.0,0.0,483.0,2968.0,0.0,357.0,478.0,136.0,17
2021-01-06 18:00:00+01:00,45.48,17.0,8106.0,2973.0,0.0,484.0,4103.0,0.0,389.0,331.0,118.0,18
2021-01-06 19:00:00+01:00,53.68,17.0,7553.0,2946.0,0.0,484.0,3313.0,0.0,394.0,304.0,102.0,19
2021-01-06 20:00:00+01:00,44.24,17.0,6934.0,2687.0,0.0,484.0,2669.0,0.0,391.0,222.0,106.0,20
2021-01-06 21:00:00+01:00,44.9,17.0,6491.0,2504.0,0.0,484.0,2337.0,0.0,388.0,254.0,121.0,21
2021-01-06 22:00:00+01:00,43.6,17.0,6209.0,2140.0,0.0,484.0,2254.0,0.0,394.0,336.0,150.0,22
2021-01-06 23:00:00+01:00,43.6,17.0,5978.0,1729.0,0.0,484.0,1951.0,0.0,396.0,297.0,133.0,23
2021-01-07 00:00:00+01:00,44.5,17.0,6052.0,2301.0,0.0,484.0,1472.0,0.0,382.0,328.0,134.0,0
2021-01-07 01:00:00+01:00,42.4,16.0,5658.0,2672.0,0.0,484.0,1207.0,0.0,390.0,415.0,144.0,1
2021-01-07 02:00:00+01:00,40.54,17.0,5578.0,2614.0,0.0,484.0,1157.0,0.0,391.0,479.0,164.0,2
2021-01-07 03:00:00+01:00,43.1,17.0,5814.0,2742.0,0.0,484.0,1452.0,0.0,385.0,661.0,152.0,3
2021-01-07 04:00:00+01:00,45.0,17.0,6249.0,2778.0,0.0,484.0,1663.0,0.0,384.0,629.0,153.0,4
2021-01-07 05:00:00+01:00,45.81,17.0,6288.0,2866.0,0.0,484.0,2120.0,0.0,386.0,750.0,168.0,5
2021-01-07 06:00:00+01:00,46.46,17.0,6641.0,2838.0,0.0,484.0,2171.0,0.0,396.0,851.0,202.0,6
2021-01-07 07:00:00+01:00,58.31,17.0,7119.0,2874.0,0.0,484.0,2212.0,0.0,377.0,853.0,235.0,7
2021-01-07 08:00:00+01:00,81.4,15.0,8012.0,2884.0,0.0,483.0,2534.0,0.0,374.0,863.0,237.0,8
2021-01-07 09:00:00+01:00,81.17,15.0,8553.0,2934.0,0.0,484.0,2614.0,1.0,381.0,944.0,232.0,9
2021-01-07 10:00:00+01:00,79.81,16.0,8300.0,2970.0,0.0,484.0,2789.0,9.0,394.0,797.0,323.0,10
2021-01-07 11:00:00+01:00,83.24,16.0,8383.0,2860.0,0.0,484.0,2910.0,22.0,390.0,710.0,254.0,11
2021-01-07 12:00:00+01:00,82.0,17.0,8580.0,2896.0,0.0,484.0,3087.0,35.0,378.0,553.0,298.0,12
2021-01-07 13:00:00+01:00,79.61,17.0,8133.0,2913.0,0.0,483.0,3038.0,23.0,380.0,802.0,303.0,13
2021-01-07 14:00:00+01:00,80.4,17.0,8617.0,2922.0,0.0,483.0,3144.0,14.0,387.0,807.0,323.0,14
2021-01-07 15:00:00+01:00,83.57,16.0,8728.0,2957.0,0.0,483.0,3263.0,12.0,381.0,673.0,366.0,15
2021-01-07 16:00:00+01:00,89.68,16.0,8699.0,2962.0,0.0,483.0,3361.0,2.0,361.0,745.0,361.0,16
2021-01-07 17:00:00+01:00,100.0,15.0,8643.0,2967.0,0.0,483.0,3994.0,0.0,375.0,862.0,373.0,17
2021-01-07 18:00:00+01:00,80.0,16.0,8214.0,2938.0,0.0,483.0,4544.0,0.0,398.0,1007.0,320.0,18
2021-01-07 19:00:00+01:00,62.9,16.0,7864.0,2851.0,0.0,484.0,4101.0,0.0,393.0,991.0,360.0,19
2021-01-07 20:00:00+01:00,44.0,16.0,7691.0,2879.0,0.0,484.0,3729.0,0.0,401.0,867.0,326.0,20
2021-01-07 21:00:00+01:00,45.9,17.0,7625.0,2847.0,0.0,484.0,3611.0,0.0,404.0,796.0,356.0,21
2021-01-07 22:00:00+01:00,50.54,17.0,7683.0,2903.0,0.0,484.0,3598.0,0.0,388.0,768.0,373.0,22
2021-01-07 23:00:00+01:00,41.9,16.0,6722.0,2803.0,0.0,484.0,3017.0,0.0,384.0,647.0,366.0,23
2021-01-08 00:00:00+01:00,45.41,17.0,7675.0,2895.0,0.0,484.0,2621.0,0.0,375.0,626.0,350.0,0
2021-01-08 01:00:00+01:00,42.13,17.0,7338.0,2789.0,0.0,484.0,2274.0,0.0,375.0,646.0,366.0,1
2021-01-08 02:00:00+01:00,42.39,17.0,7125.0,2636.0,0.0,483.0,2155.0,0.0,386.0,650.0,329.0,2
2021-01-08 03:00:00+01:00,42.07,17.0,7008.0,2718.0,0.0,483.0,2086.0,0.0,390.0,539.0,319.0,3
2021-01-08 04:00:00+01:00,43.83,17.0,7558.0,2883.0,0.0,483.0,2091.0,0.0,395.0,492.0,256.0,4
2021-01-08 05:00:00+01:00,48.17,18.0,8220.0,2953.0,0.0,483.0,2461.0,0.0,388.0,368.0,257.0,5
2021-01-08 06:00:00+01:00,57.73,16.0,8246.0,2995.0,0.0,483.0,2595.0,0.0,377.0,396.0,258.0,6
2021-01-08 07:00:00+01:00,74.9,17.0,8130.0,3032.0,0.0,483.0,2689.0,0.0,383.0,445.0,176.0,7
2021-01-08 08:00:00+01:00,103.54,17.0,8634.0,3017.0,0.0,484.0,2645.0,0.0,371.0,373.0,119.0,8
2021-01-08 09:00:00+01:00,110.45,17.0,8749.0,2993.0,0.0,484.0,2653.0,3.0,372.0,285.0,76.0,9
2021-01-08 10:00:00+01:00,109.96,19.0,8723.0,2982.0,0.0,484.0,2665.0,17.0,370.0,312.0,64.0,10
2021-01-08 11:00:00+01:00,106.82,17.0,8625.0,2969.0,0.0,484.0,2726.0,39.0,381.0,204.0,43.0,11
2021-01-08 12:00:00+01:00,102.37,17.0,8834.0,2920.0,0.0,484.0,2809.0,54.0,367.0,114.0,51.0,12
2021-01-08 13:00:00+01:00,97.61,16.0,8755.0,2999.0,0.0,484.0,2826.0,60.0,371.0,93.0,42.0,13
2021-01-08 14:00:00+01:00,95.0,15.0,8769.0,3000.0,0.0,486.0,2737.0,44.0,383.0,68.0,45.0,14
2021-01-08 15:00:00+01:00,95.42,14.0,8774.0,2999.0,0.0,484.0,2615.0,26.0,385.0,126.0,45.0,15
2021-01-08 16:00:00+01:00,95.0,15.0,8733.0,3002.0,0.0,483.0,2597.0,6.0,379.0,35.0,60.0,16
2021-01-08 17:00:00+01:00,110.0,14.0,9127.0,3014.0,0.0,483.0,3409.0,0.0,369.0,76.0,59.0,17
2021-01-08 18:00:00+01:00,87.44,16.0,9385.0,2970.0,0.0,483.0,4484.0,0.0,384.0,69.0,101.0,18
2021-01-08 19:00:00+01:00,56.81,16.0,9115.0,2992.0,0.0,483.0,4385.0,0.0,387.0,147.0,95.0,19
2021-01-08 20:00:00+01:00,45.1,17.0,8296.0,2994.0,0.0,484.0,3593.0,0.0,400.0,54.0,83.0,20
2021-01-08 21:00:00+01:00,44.88,16.0,7772.0,2968.0,0.0,484.0,2858.0,0.0,387.0,26.0,62.0,21
2021-01-08 22:00:00+01:00,46.26,16.0,7269.0,2966.0,0.0,484.0,2271.0,0.0,406.0,110.0,85.0,22
2021-01-08 23:00:00+01:00,43.2,16.0,7284.0,2896.0,0.0,484.0,2041.0,0.0,391.0,1.0,88.0,23
2021-01-09 00:00:00+01:00,50.67,16.0,7116.0,2923.0,0.0,486.0,1520.0,0.0,400.0,96.0,98.0,0
2021-01-09 01:00:00+01:00,48.6,15.0,6728.0,2935.0,0.0,484.0,1209.0,0.0,394.0,106.0,98.0,1
2021-01-09 02:00:00+01:00,48.02,16.0,6673.0,2929.0,0.0,483.0,1154.0,0.0,403.0,42.0,144.0,2
2021-01-09 03:00:00+01:00,49.25,16.0,6750.0,2911.0,0.0,483.0,1132.0,0.0,405.0,87.0,131.0,3
2021-01-09 04:00:00+01:00,49.63,16.0,6781.0,2907.0,0.0,483.0,1199.0,0.0,410.0,151.0,114.0,4
2021-01-09 05:00:00+01:00,47.2,20.0,7226.0,2896.0,0.0,483.0,1629.0,0.0,417.0,37.0,108.0,5
2021-01-09 06:00:00+01:00,46.72,21.0,7546.0,2910.0,0.0,483.0,1883.0,0.0,402.0,39.0,151.0,6
2021-01-09 07:00:00+01:00,50.49,21.0,8054.0,2940.0,0.0,483.0,2142.0,0.0,392.0,45.0,115.0,7
2021-01-09 08:00:00+01:00,59.8,20.0,8184.0,2940.0,0.0,483.0,2142.0,0.0,389.0,79.0,115.0,8
2021-01-09 09:00:00+01:00,66.92,20.0,8424.0,2950.0,0.0,484.0,2375.0,4.0,401.0,87.0,139.0,9
2021-01-09 10:00:00+01:00,67.71,21.0,8503.0,2952.0,0.0,484.0,2670.0,29.0,407.0,113.0,134.0,10
2021-01-09 11:00:00+01:00,68.0,20.0,8384.0,2955.0,0.0,484.0,2861.0,54.0,401.0,75.0,161.0,11
2021-01-09 12:00:00+01:00,67.01,17.0,8225.0,2951.0,0.0,484.0,3065.0,49.0,404.0,80.0,180.0,12
2021-01-09 13:00:00+01:00,62.53,17.0,8077.0,2958.0,0.0,484.0,3009.0,75.0,400.0,89.0,186.0,13
2021-01-09 14:00:00+01:00,60.0,17.0,8229.0,2949.0,0.0,484.0,2855.0,51.0,414.0,101.0,175.0,14
2021-01-09 15:00:00+01:00,60.0,16.0,8414.0,2950.0,0.0,483.0,2900.0,21.0,412.0,142.0,212.0,15
2021-01-09 16:00:00+01:00,62.78,15.0,8406.0,2958.0,0.0,483.0,2882.0,5.0,410.0,184.0,257.0,16
2021-01-09 17:00:00+01:00,69.92,16.0,8355.0,2955.0,0.0,483.0,3557.0,0.0,413.0,169.0,332.0,17
2021-01-09 18:00:00+01:00,71.99,16.0,8497.0,2947.0,0.0,483.0,4311.0,0.0,411.0,162.0,390.0,18
2021-01-09 19:00:00+01:00,68.95,15.0,8491.0,2965.0,0.0,483.0,4212.0,0.0,407.0,120.0,274.0,19
2021-01-09 20:00:00+01:00,62.66,16.0,8454.0,2961.0,0.0,483.0,4009.0,0.0,407.0,85.0,387.0,20
2021-01-09 21:00:00+01:00,53.21,16.0,8073.0,2954.0,0.0,483.0,3641.0,0.0,398.0,48.0,285.0,21
2021-01-09 22:00:00+01:00,54.77,16.0,7476.0,2912.0,0.0,484.0,3396.0,0.0,385.0,33.0,205.0,22
2021-01-09 23:00:00+01:00,45.0,16.0,6271.0,2846.0,0.0,484.0,2845.0,0.0,389.0,74.0,137.0,23
2021-01-10 00:00:00+01:00,51.72,16.0,5447.0,2884.0,0.0,484.0,2046.0,0.0,392.0,177.0,150.0,0
2021-01-10 01:00:00+01:00,45.73,16.0,4042.0,2923.0,0.0,484.0,1035.0,0.0,395.0,282.0,162.0,1
2021-01-10 02:00:00+01:00,46.3,16.0,3612.0,2930.0,0.0,484.0,743.0,0.0,400.0,351.0,185.0,2
2021-01-10 03:00:00+01:00,46.39,16.0,3663.0,2940.0,0.0,484.0,683.0,0.0,403.0,433.0,136.0,3
2021-01-10 04:00:00+01:00,46.3,16.0,3542.0,2839.0,0.0,483.0,846.0,0.0,404.0,479.0,189.0,4
2021-01-10 05:00:00+01:00,45.35,16.0,3351.0,2690.0,0.0,484.0,1019.0,0.0,403.0,515.0,223.0,5
2021-01-10 06:00:00+01:00,46.3,16.0,3676.0,2698.0,0.0,484.0,1172.0,0.0,405.0,522.0,273.0,6
2021-01-10 07:00:00+01:00,46.1,16.0,3988.0,2771.0,0.0,484.0,1355.0,0.0,404.0,470.0,301.0,7
2021-01-10 08:00:00+01:00,53.13,16.0,4433.0,2877.0,0.0,484.0,1590.0,0.0,393.0,438.0,336.0,8
2021-01-10 09:00:00+01:00,51.88,16.0,4511.0,2938.0,0.0,484.0,1760.0,8.0,396.0,495.0,337.0,9
2021-01-10 10:00:00+01:00,47.2,16.0,4503.0,2928.0,0.0,484.0,1973.0,24.0,392.0,459.0,305.0,10
2021-01-10 11:00:00+01:00,48.1,16.0,4276.0,2874.0,0.0,484.0,2129.0,54.0,389.0,494.0,348.0,11
2021-01-10 12:00:00+01:00,46.3,16.0,4250.0,2862.0,0.0,484.0,2413.0,40.0,393.0,478.0,329.0,12
2021-01-10 13:00:00+01:00,47.81,16.0,4151.0,2883.0,0.0,484.0,2462.0,30.0,402.0,588.0,368.0,13
2021-01-10 14:00:00+01:00,53.18,16.0,4302.0,2906.0,0.0,484.0,2379.0,28.0,410.0,733.0,421.0,14
2021-01-10 15:00:00+01:00,54.85,16.0,4760.0,2932.0,0.0,484.0,2323.0,10.0,399.0,607.0,470.0,15
2021-01-10 16:00:00+01:00,56.52,16.0,4621.0,2948.0,0.0,484.0,2359.0,3.0,397.0,680.0,527.0,16
2021-01-10 17:00:00+01:00,62.09,15.0,4764.0,2970.0,0.0,484.0,3162.0,0.0,399.0,581.0,552.0,17
2021-01-10 18:00:00+01:00,63.41,16.0,4974.0,2982.0,0.0,484.0,4299.0,0.0,404.0,354.0,573.0,18
2021-01-10 19:00:00+01:00,55.24,17.0,4671.0,2971.0,0.0,484.0,3875.0,0.0,405.0,260.0,582.0,19
2021-01-10 20:00:00+01:00,48.05,16.0,4461.0,2913.0,0.0,484.0,3551.0,0.0,410.0,219.0,599.0,20
2021-01-10 21:00:00+01:00,46.94,16.0,4155.0,2801.0,0.0,484.0,3191.0,0.0,401.0,288.0,616.0,21
2021-01-10 22:00:00+01:00,45.02,16.0,3572.0,2680.0,0.0,484.0,2912.0,0.0,400.0,425.0,615.0,22
2021-01-10 23:00:00+01:00,45.1,16.0,3592.0,2511.0,0.0,484.0,2587.0,0.0,405.0,554.0,579.0,23
2021-01-11 00:00:00+01:00,47.75,16.0,3323.0,2564.0,0.0,484.0,2085.0,0.0,401.0,828.0,631.0,0
2021-01-11 01:00:00+01:00,46.1,17.0,2871.0,2362.0,0.0,484.0,2150.0,0.0,390.0,1126.0,676.0,1
2021-01-11 02:00:00+01:00,45.33,16.0,2934.0,2071.0,0.0,484.0,2341.0,0.0,362.0,1252.0,794.0,2
2021-01-11 03:00:00+01:00,44.59,16.0,2790.0,2047.0,0.0,484.0,2420.0,0.0,396.0,1217.0,911.0,3
2021-01-11 04:00:00+01:00,44.58,16.0,2754.0,2045.0,0.0,484.0,2723.0,0.0,380.0,1313.0,977.0,4
2021-01-11 05:00:00+01:00,43.41,17.0,2843.0,2112.0,0.0,484.0,2674.0,0.0,391.0,1241.0,1033.0,5
2021-01-11 06:00:00+01:00,44.19,16.0,3606.0,2207.0,0.0,483.0,3154.0,0.0,397.0,1320.0,1058.0,6
2021-01-11 07:00:00+01:00,52.0,16.0,4783.0,2647.0,0.0,484.0,3649.0,0.0,385.0,1290.0,1048.0,7
2021-01-11 08:00:00+01:00,59.15,16.0,5496.0,2872.0,0.0,483.0,3838.0,0.0,391.0,1309.0,1073.0,8
2021-01-11 09:00:00+01:00,59.19,16.0,5759.0,2931.0,0.0,483.0,3874.0,0.0,389.0,1370.0,1165.0,9
2021-01-11 10:00:00+01:00,52.0,17.0,5606.0,2942.0,0.0,483.0,4081.0,2.0,356.0,1513.0,1155.0,10
2021-01-11 11:00:00+01:00,46.12,17.0,5594.0,2907.0,0.0,483.0,4207.0,3.0,354.0,1454.0,1182.0,11
2021-01-11 12:00:00+01:00,45.6,16.0,5474.0,2901.0,0.0,484.0,4457.0,13.0,375.0,1532.0,1249.0,12
2021-01-11 13:00:00+01:00,45.1,16.0,5186.0,2787.0,0.0,484.0,4377.0,14.0,366.0,1589.0,1287.0,13
2021-01-11 14:00:00+01:00,45.9,16.0,5288.0,2760.0,0.0,484.0,4418.0,9.0,368.0,1608.0,1273.0,14
2021-01-11 15:00:00+01:00,45.07,16.0,5152.0,2794.0,0.0,484.0,4318.0,6.0,365.0,1608.0,1320.0,15
2021-01-11 16:00:00+01:00,45.9,15.0,5144.0,2804.0,0.0,484.0,4542.0,2.0,355.0,1604.0,1304.0,16
2021-01-11 17:00:00+01:00,52.0,15.0,5334.0,2893.0,0.0,483.0,5561.0,0.0,362.0,1577.0,1335.0,17
2021-01-11 18:00:00+01:00,44.35,17.0,4648.0,2695.0,0.0,483.0,6025.0,0.0,376.0,1542.0,1312.0,18
2021-01-11 19:00:00+01:00,40.5,16.0,4198.0,2252.0,0.0,483.0,6038.0,0.0,382.0,1596.0,1451.0,19
2021-01-11 20:00:00+01:00,38.34,17.0,3720.0,2148.0,0.0,483.0,5556.0,0.0,395.0,1602.0,1482.0,20
2021-01-11 21:00:00+01:00,45.1,16.0,3314.0,1973.0,0.0,483.0,5365.0,0.0,390.0,1599.0,1520.0,21
2021-01-11 22:00:00+01:00,34.31,16.0,2213.0,1944.0,0.0,484.0,5325.0,0.0,377.0,1598.0,1548.0,22
2021-01-11 23:00:00+01:00,27.39,17.0,2209.0,1852.0,0.0,484.0,4498.0,0.0,364.0,1595.0,1493.0,23
2021-01-12 00:00:00+01:00,24.43,15.0,2057.0,1707.0,0.0,484.0,4052.0,0.0,389.0,1584.0,1506.0,0
2021-01-12 01:00:00+01:00,24.61,17.0,1797.0,1753.0,0.0,484.0,3938.0,0.0,390.0,1601.0,1546.0,1
2021-01-12 02:00:00+01:00,19.51,17.0,1759.0,1763.0,0.0,484.0,3817.0,0.0,397.0,1292.0,1544.0,2
2021-01-12 03:00:00+01:00,24.38,17.0,1724.0,1771.0,0.0,484.0,3666.0,0.0,399.0,1295.0,1437.0,3
2021-01-12 04:00:00+01:00,27.16,17.0,1665.0,1768.0,0.0,484.0,3502.0,0.0,393.0,1195.0,1384.0,4
2021-01-12 05:00:00+01:00,36.18,17.0,1800.0,1904.0,0.0,484.0,3130.0,0.0,382.0,1195.0,1231.0,5
2021-01-12 06:00:00+01:00,47.7,16.0,2890.0,2233.0,0.0,484.0,2683.0,0.0,395.0,1205.0,1193.0,6
2021-01-12 07:00:00+01:00,60.0,16.0,4204.0,2794.0,0.0,484.0,2660.0,0.0,391.0,994.0,775.0,7
2021-01-12 08:00:00+01:00,62.65,16.0,5046.0,2879.0,0.0,483.0,2365.0,0.0,384.0,1220.0,689.0,8
2021-01-12 09:00:00+01:00,83.13,16.0,5319.0,2677.0,0.0,483.0,2332.0,1.0,373.0,1301.0,632.0,9
2021-01-12 10:00:00+01:00,71.0,17.0,5375.0,2620.0,0.0,483.0,2432.0,14.0,364.0,1234.0,701.0,10
2021-01-12 11:00:00+01:00,57.17,17.0,5382.0,2597.0,0.0,487.0,2813.0,46.0,383.0,1282.0,578.0,11
2021-01-12 12:00:00+01:00,58.39,16.0,4916.0,2637.0,0.0,484.0,3390.0,82.0,394.0,1281.0,782.0,12
2021-01-12 13:00:00+01:00,53.39,17.0,4398.0,2866.0,0.0,484.0,3865.0,79.0,378.0,1375.0,987.0,13
2021-01-12 14:00:00+01:00,49.63,17.0,4748.0,2875.0,0.0,484.0,3648.0,43.0,385.0,1329.0,1012.0,14
2021-01-12 15:00:00+01:00,53.73,17.0,4817.0,2871.0,0.0,484.0,3209.0,29.0,395.0,1320.0,993.0,15
2021-01-12 16:00:00+01:00,68.02,17.0,5245.0,2943.0,0.0,484.0,2985.0,9.0,389.0,1314.0,815.0,16
2021-01-12 17:00:00+01:00,87.19,15.0,5297.0,2940.0,0.0,484.0,3619.0,0.0,367.0,1327.0,757.0,17
2021-01-12 18:00:00+01:00,62.4,17.0,5417.0,2932.0,0.0,484.0,4603.0,0.0,374.0,1335.0,790.0,18
2021-01-12 19:00:00+01:00,53.3,16.0,4891.0,2899.0,0.0,483.0,4350.0,0.0,385.0,1277.0,784.0,19
2021-01-12 20:00:00+01:00,53.3,16.0,4559.0,2893.0,0.0,483.0,4252.0,0.0,393.0,1245.0,664.0,20
2021-01-12 21:00:00+01:00,54.4,17.0,4114.0,2920.0,0.0,484.0,4019.0,0.0,385.0,1117.0,689.0,21
2021-01-12 22:00:00+01:00,48.4,17.0,3796.0,2903.0,0.0,483.0,4120.0,0.0,377.0,970.0,682.0,22
2021-01-12 23:00:00+01:00,45.69,16.0,3286.0,2862.0,0.0,483.0,3607.0,0.0,391.0,1016.0,690.0,23
2021-01-13 00:00:00+01:00,47.6,15.0,2910.0,2818.0,0.0,484.0,2840.0,0.0,395.0,959.0,777.0,0
2021-01-13 01:00:00+01:00,48.3,16.0,2487.0,2820.0,0.0,457.0,2638.0,0.0,389.0,959.0,809.0,1
2021-01-13 02:00:00+01:00,47.6,17.0,2412.0,2558.0,0.0,484.0,2517.0,0.0,384.0,1004.0,837.0,2
2021-01-13 03:00:00+01:00,40.0,17.0,2128.0,2506.0,0.0,484.0,2790.0,0.0,375.0,1128.0,938.0,3
2021-01-13 04:00:00+01:00,34.98,17.0,2066.0,2328.0,0.0,484.0,2885.0,0.0,375.0,1156.0,1056.0,4
2021-01-13 05:00:00+01:00,47.6,17.0,2282.0,2378.0,0.0,484.0,2910.0,0.0,387.0,1114.0,1002.0,5
2021-01-13 06:00:00+01:00,52.5,17.0,2639.0,2639.0,0.0,483.0,2882.0,0.0,392.0,1137.0,1013.0,6
2021-01-13 07:00:00+01:00,61.0,16.0,3708.0,2919.0,0.0,484.0,2865.0,0.0,388.0,1071.0,1062.0,7
2021-01-13 08:00:00+01:00,58.0,16.0,5129.0,2910.0,0.0,483.0,3006.0,0.0,390.0,1159.0,994.0,8
2021-01-13 09:00:00+01:00,57.1,16.0,5850.0,2891.0,0.0,483.0,2977.0,6.0,384.0,1116.0,925.0,9
2021-01-13 10:00:00+01:00,53.05,17.0,5542.0,2918.0,0.0,483.0,3040.0,29.0,402.0,782.0,905.0,10
2021-01-13 11:00:00+01:00,51.0,20.0,5086.0,2948.0,0.0,483.0,3247.0,52.0,393.0,739.0,784.0,11
2021-01-13 12:00:00+01:00,49.6,22.0,4535.0,2951.0,0.0,483.0,3450.0,77.0,404.0,671.0,934.0,12
2021-01-13 13:00:00+01:00,51.03,17.0,4295.0,2871.0,0.0,484.0,3467.0,73.0,395.0,940.0,937.0,13
2021-01-13 14:00:00+01:00,54.1,17.0,4998.0,2598.0,0.0,484.0,3391.0,50.0,397.0,882.0,941.0,14
2021-01-13 15:00:00+01:00,57.1,17.0,5653.0,2644.0,0.0,484.0,3075.0,31.0,394.0,866.0,888.0,15
2021-01-13 16:00:00+01:00,90.91,17.0,5846.0,2951.0,0.0,484.0,3172.0,8.0,390.0,889.0,898.0,16
2021-01-13 17:00:00+01:00,123.12,17.0,5916.0,2952.0,0.0,484.0,3946.0,0.0,385.0,947.0,873.0,17
2021-01-13 18:00:00+01:00,71.0,17.0,5955.0,2750.0,0.0,484.0,4846.0,0.0,399.0,957.0,876.0,18
2021-01-13 19:00:00+01:00,63.0,17.0,5578.0,2710.0,0.0,484.0,4377.0,0.0,391.0,967.0,651.0,19
2021-01-13 20:00:00+01:00,54.1,17.0,5091.0,2876.0,0.0,484.0,3890.0,0.0,405.0,895.0,586.0,20
2021-01-13 21:00:00+01:00,65.0,17.0,4397.0,2910.0,0.0,483.0,3363.0,0.0,401.0,896.0,489.0,21
2021-01-13 22:00:00+01:00,51.2,17.0,3593.0,2926.0,0.0,484.0,2987.0,0.0,395.0,696.0,471.0,22
2021-01-13 23:00:00+01:00,54.1,17.0,3531.0,2915.0,0.0,484.0,2678.0,0.0,398.0,423.0,432.0,23
2021-01-14 00:00:00+01:00,84.9,16.0,3772.0,2904.0,0.0,483.0,1798.0,0.0,409.0,665.0,336.0,0
2021-01-14 01:00:00+01:00,61.05,16.0,3799.0,2878.0,0.0,484.0,1481.0,0.0,411.0,321.0,280.0,1
2021-01-14 02:00:00+01:00,48.18,16.0,3450.0,2885.0,0.0,484.0,1293.0,0.0,419.0,270.0,227.0,2
2021-01-14 03:00:00+01:00,50.13,16.0,3380.0,2880.0,0.0,484.0,1181.0,0.0,399.0,504.0,230.0,3
2021-01-14 04:00:00+01:00,44.0,15.0,3407.0,2896.0,0.0,485.0,1219.0,0.0,407.0,448.0,231.0,4
2021-01-14 05:00:00+01:00,46.84,16.0,3618.0,2895.0,0.0,484.0,1218.0,0.0,404.0,744.0,225.0,5
2021-01-14 06:00:00+01:00,60.04,17.0,5263.0,2925.0,0.0,484.0,1551.0,0.0,401.0,909.0,171.0,6
2021-01-14 07:00:00+01:00,79.9,16.0,7723.0,2901.0,0.0,484.0,1960.0,0.0,389.0,751.0,155.0,7
2021-01-14 08:00:00+01:00,88.82,16.0,9335.0,2941.0,0.0,484.0,1234.0,0.0,393.0,746.0,168.0,8
2021-01-14 09:00:00+01:00,89.27,16.0,8933.0,2961.0,0.0,483.0,2441.0,5.0,413.0,789.0,179.0,9
2021-01-14 10:00:00+01:00,89.63,17.0,8728.0,2952.0,0.0,483.0,2611.0,30.0,411.0,830.0,241.0,10
2021-01-14 11:00:00+01:00,91.05,17.0,8746.0,2958.0,0.0,483.0,2985.0,67.0,407.0,885.0,287.0,11
2021-01-14 12:00:00+01:00,88.75,18.0,8805.0,2859.0,0.0,483.0,3104.0,76.0,406.0,876.0,316.0,12
2021-01-14 13:00:00+01:00,87.1,17.0,8815.0,2670.0,0.0,484.0,3106.0,52.0,404.0,875.0,368.0,13
2021-01-14 14:00:00+01:00,83.98,17.0,8752.0,2693.0,0.0,484.0,3210.0,37.0,393.0,871.0,336.0,14
2021-01-14 15:00:00+01:00,79.96,16.0,8557.0,2842.0,0.0,484.0,2784.0,28.0,384.0,745.0,349.0,15
2021-01-14 16:00:00+01:00,83.42,17.0,8701.0,2840.0,0.0,484.0,2847.0,5.0,389.0,772.0,457.0,16
2021-01-14 17:00:00+01:00,100.1,17.0,8662.0,2865.0,0.0,484.0,3701.0,0.0,388.0,976.0,489.0,17
2021-01-14 18:00:00+01:00,90.16,17.0,8777.0,2733.0,0.0,484.0,4927.0,0.0,406.0,1065.0,575.0,18
2021-01-14 19:00:00+01:00,87.7,17.0,8936.0,2741.0,0.0,484.0,4860.0,0.0,407.0,1055.0,564.0,19
2021-01-14 20:00:00+01:00,74.58,17.0,8795.0,2735.0,0.0,485.0,4634.0,0.0,403.0,914.0,525.0,20
2021-01-14 21:00:00+01:00,62.74,17.0,8190.0,2645.0,0.0,483.0,4205.0,0.0,399.0,930.0,534.0,21
2021-01-14 22:00:00+01:00,59.82,17.0,7520.0,2510.0,0.0,484.0,3773.0,0.0,408.0,807.0,512.0,22
2021-01-14 23:00:00+01:00,55.6,16.0,7447.0,2491.0,0.0,484.0,3284.0,0.0,411.0,647.0,458.0,23
2021-01-15 00:00:00+01:00,48.98,16.0,6891.0,2526.0,0.0,484.0,2361.0,0.0,413.0,696.0,450.0,0
2021-01-15 01:00:00+01:00,48.66,16.0,6803.0,2665.0,0.0,484.0,1907.0,0.0,404.0,603.0,414.0,1
2021-01-15 02:00:00+01:00,47.7,16.0,6533.0,2785.0,0.0,484.0,1739.0,0.0,418.0,580.0,413.0,2
2021-01-15 03:00:00+01:00,46.6,16.0,6117.0,2817.0,0.0,484.0,1764.0,0.0,367.0,687.0,422.0,3
2021-01-15 04:00:00+01:00,48.0,16.0,6766.0,2879.0,0.0,484.0,1804.0,0.0,370.0,601.0,424.0,4
2021-01-15 05:00:00+01:00,51.52,17.0,7578.0,2900.0,0.0,484.0,1807.0,0.0,393.0,584.0,338.0,5
2021-01-15 06:00:00+01:00,62.97,16.0,8082.0,2920.0,0.0,484.0,1900.0,0.0,397.0,673.0,295.0,6
2021-01-15 07:00:00+01:00,77.94,16.0,8517.0,2911.0,0.0,483.0,2069.0,0.0,386.0,514.0,231.0,7
2021-01-15 08:00:00+01:00,93.74,17.0,8910.0,2942.0,0.0,483.0,2271.0,0.0,386.0,657.0,205.0,8
2021-01-15 09:00:00+01:00,97.76,16.0,9062.0,2924.0,0.0,483.0,2224.0,0.0,380.0,360.0,204.0,9
2021-01-15 10:00:00+01:00,90.69,17.0,9231.0,2948.0,0.0,483.0,2182.0,10.0,388.0,104.0,159.0,10
2021-01-15 11:00:00+01:00,86.97,17.0,9184.0,2940.0,0.0,483.0,2496.0,17.0,380.0,30.0,130.0,11
2021-01-15 12:00:00+01:00,79.25,17.0,9306.0,2939.0,0.0,483.0,2405.0,20.0,394.0,0.0,91.0,12
2021-01-15 13:00:00+01:00,76.64,16.0,9172.0,2990.0,0.0,484.0,2194.0,19.0,403.0,0.0,84.0,13
2021-01-15 14:00:00+01:00,77.14,17.0,9157.0,2930.0,0.0,484.0,2095.0,14.0,413.0,0.0,86.0,14
2021-01-15 15:00:00+01:00,76.98,16.0,9155.0,2931.0,0.0,484.0,2056.0,10.0,406.0,1.0,83.0,15
2021-01-15 16:00:00+01:00,82.0,16.0,8963.0,2938.0,0.0,484.0,2151.0,3.0,421.0,0.0,83.0,16
2021-01-15 17:00:00+01:00,99.4,16.0,9334.0,2980.0,0.0,484.0,3067.0,0.0,396.0,23.0,43.0,17
2021-01-15 18:00:00+01:00,98.02,17.0,9564.0,3002.0,0.0,484.0,4024.0,0.0,416.0,4.0,45.0,18
2021-01-15 19:00:00+01:00,95.01,17.0,9474.0,2992.0,0.0,484.0,3964.0,0.0,423.0,30.0,50.0,19
2021-01-15 20:00:00+01:00,77.2,17.0,9411.0,2999.0,0.0,484.0,3830.0,0.0,421.0,60.0,60.0,20
2021-01-15 21:00:00+01:00,67.18,17.0,9091.0,2996.0,0.0,485.0,3552.0,0.0,412.0,45.0,92.0,21
2021-01-15 22:00:00+01:00,63.19,17.0,8922.0,3002.0,0.0,484.0,3283.0,0.0,422.0,88.0,115.0,22
2021-01-15 23:00:00+01:00,53.19,17.0,8226.0,3002.0,0.0,484.0,2707.0,0.0,430.0,53.0,161.0,23
2021-01-16 00:00:00+01:00,50.0,16.0,7796.0,2992.0,0.0,484.0,1965.0,0.0,421.0,109.0,165.0,0
2021-01-16 01:00:00+01:00,50.0,17.0,7640.0,2991.0,0.0,484.0,1813.0,0.0,437.0,160.0,146.0,1
2021-01-16 02:00:00+01:00,48.29,18.0,7596.0,2995.0,0.0,484.0,1709.0,0.0,443.0,216.0,129.0,2
2021-01-16 03:00:00+01:00,49.84,17.0,7743.0,3002.0,0.0,484.0,1706.0,0.0,444.0,238.0,147.0,3
2021-01-16 04:00:00+01:00,49.51,18.0,7766.0,3001.0,0.0,484.0,1772.0,0.0,449.0,318.0,126.0,4
2021-01-16 05:00:00+01:00,48.52,17.0,7593.0,3121.0,0.0,484.0,1917.0,0.0,445.0,494.0,152.0,5
2021-01-16 06:00:00+01:00,47.6,17.0,7745.0,3109.0,0.0,484.0,2045.0,0.0,444.0,727.0,166.0,6
2021-01-16 07:00:00+01:00,49.78,17.0,8204.0,3127.0,0.0,484.0,2507.0,0.0,449.0,866.0,209.0,7
2021-01-16 08:00:00+01:00,60.0,17.0,8631.0,3126.0,0.0,484.0,2892.0,0.0,447.0,1049.0,230.0,8
2021-01-16 09:00:00+01:00,63.95,17.0,8840.0,3123.0,0.0,484.0,3317.0,5.0,423.0,1121.0,319.0,9
2021-01-16 10:00:00+01:00,59.81,17.0,8767.0,2966.0,0.0,483.0,3604.0,16.0,406.0,1131.0,518.0,10
2021-01-16 11:00:00+01:00,60.14,16.0,8691.0,2859.0,0.0,484.0,3866.0,16.0,403.0,1454.0,702.0,11
2021-01-16 12:00:00+01:00,48.85,16.0,8501.0,2903.0,0.0,483.0,4002.0,19.0,406.0,1559.0,803.0,12
2021-01-16 13:00:00+01:00,45.89,16.0,8062.0,2881.0,0.0,484.0,3817.0,19.0,402.0,1579.0,771.0,13
2021-01-16 14:00:00+01:00,47.4,16.0,8543.0,2898.0,0.0,484.0,4056.0,17.0,407.0,1593.0,659.0,14
2021-01-16 15:00:00+01:00,50.65,16.0,8734.0,2945.0,0.0,484.0,4082.0,10.0,391.0,1600.0,650.0,15
2021-01-16 16:00:00+01:00,57.7,16.0,8701.0,2963.0,0.0,484.0,4215.0,2.0,381.0,1597.0,759.0,16
2021-01-16 17:00:00+01:00,65.01,17.0,8694.0,3109.0,0.0,484.0,4949.0,0.0,373.0,1520.0,549.0,17
2021-01-16 18:00:00+01:00,66.4,17.0,8752.0,3109.0,0.0,484.0,5792.0,0.0,373.0,1456.0,537.0,18
2021-01-16 19:00:00+01:00,63.71,18.0,8831.0,3109.0,0.0,484.0,5371.0,0.0,387.0,1184.0,526.0,19
2021-01-16 20:00:00+01:00,53.1,17.0,8377.0,3128.0,0.0,484.0,4890.0,0.0,381.0,1007.0,390.0,20
2021-01-16 21:00:00+01:00,51.28,17.0,7837.0,3114.0,0.0,484.0,3954.0,0.0,394.0,961.0,327.0,21
2021-01-16 22:00:00+01:00,53.2,18.0,7597.0,3122.0,0.0,484.0,3496.0,0.0,395.0,822.0,285.0,22
2021-01-16 23:00:00+01:00,47.19,18.0,7154.0,3109.0,0.0,484.0,3304.0,0.0,394.0,871.0,271.0,23
2021-01-17 00:00:00+01:00,45.5,17.0,5968.0,3060.0,0.0,484.0,2199.0,0.0,396.0,932.0,221.0,0
2021-01-17 01:00:00+01:00,44.82,18.0,5615.0,3018.0,0.0,484.0,1998.0,0.0,381.0,1077.0,207.0,1
2021-01-17 02:00:00+01:00,44.44,18.0,5419.0,3033.0,0.0,484.0,2095.0,0.0,392.0,1233.0,183.0,2
2021-01-17 03:00:00+01:00,46.09,17.0,5660.0,3036.0,0.0,484.0,2083.0,0.0,384.0,1297.0,231.0,3
2021-01-17 04:00:00+01:00,45.8,18.0,5576.0,3019.0,0.0,485.0,2067.0,0.0,365.0,1355.0,252.0,4
2021-01-17 05:00:00+01:00,45.42,17.0,5489.0,3029.0,0.0,484.0,2051.0,0.0,335.0,1315.0,319.0,5
2021-01-17 06:00:00+01:00,46.2,17.0,5852.0,3048.0,0.0,484.0,2153.0,0.0,330.0,1290.0,288.0,6
2021-01-17 07:00:00+01:00,46.0,16.0,6162.0,3064.0,0.0,484.0,2227.0,0.0,333.0,1156.0,279.0,7
2021-01-17 08:00:00+01:00,46.21,16.0,6861.0,3100.0,0.0,484.0,2749.0,0.0,343.0,1092.0,302.0,8
2021-01-17 09:00:00+01:00,46.23,16.0,7618.0,3126.0,0.0,484.0,3078.0,0.0,320.0,1052.0,328.0,9
2021-01-17 10:00:00+01:00,52.99,16.0,8478.0,3129.0,0.0,484.0,3209.0,2.0,317.0,1012.0,441.0,10
2021-01-17 11:00:00+01:00,56.22,17.0,8758.0,3125.0,0.0,484.0,3370.0,7.0,321.0,854.0,494.0,11
2021-01-17 12:00:00+01:00,49.55,17.0,8621.0,3129.0,0.0,484.0,3536.0,19.0,318.0,717.0,551.0,12
2021-01-17 13:00:00+01:00,51.13,17.0,8451.0,3111.0,0.0,484.0,3747.0,16.0,347.0,623.0,537.0,13
2021-01-17 14:00:00+01:00,49.95,16.0,8533.0,3113.0,0.0,484.0,3304.0,15.0,354.0,657.0,534.0,14
2021-01-17 15:00:00+01:00,53.48,16.0,8392.0,3085.0,0.0,484.0,3259.0,7.0,356.0,873.0,669.0,15
2021-01-17 16:00:00+01:00,60.6,16.0,8313.0,3126.0,0.0,485.0,3228.0,6.0,356.0,787.0,668.0,16
2021-01-17 17:00:00+01:00,67.05,17.0,8412.0,3113.0,0.0,485.0,3838.0,0.0,347.0,650.0,614.0,17
2021-01-17 18:00:00+01:00,72.0,16.0,8858.0,3129.0,0.0,484.0,4993.0,0.0,342.0,605.0,488.0,18
2021-01-17 19:00:00+01:00,59.21,17.0,8564.0,3059.0,0.0,484.0,4980.0,0.0,348.0,760.0,512.0,19
2021-01-17 20:00:00+01:00,54.66,17.0,8477.0,3091.0,0.0,484.0,4737.0,0.0,340.0,672.0,541.0,20
2021-01-17 21:00:00+01:00,47.0,17.0,7904.0,3118.0,0.0,485.0,4218.0,0.0,349.0,676.0,455.0,21
2021-01-17 22:00:00+01:00,50.46,18.0,6872.0,3110.0,0.0,484.0,3597.0,0.0,348.0,699.0,558.0,22
2021-01-17 23:00:00+01:00,45.4,16.0,5673.0,3026.0,0.0,484.0,3000.0,0.0,340.0,705.0,500.0,23
2021-01-18 00:00:00+01:00,45.3,17.0,5250.0,2657.0,0.0,484.0,2433.0,0.0,338.0,640.0,410.0,0
2021-01-18 01:00:00+01:00,45.83,17.0,4882.0,2562.0,0.0,484.0,2047.0,0.0,354.0,593.0,444.0,1
2021-01-18 02:00:00+01:00,45.59,17.0,4884.0,2586.0,0.0,484.0,2058.0,0.0,360.0,648.0,412.0,2
2021-01-18 03:00:00+01:00,45.94,18.0,4813.0,2729.0,0.0,484.0,2122.0,0.0,346.0,592.0,520.0,3
2021-01-18 04:00:00+01:00,46.31,17.0,5131.0,2747.0,0.0,484.0,2317.0,0.0,346.0,833.0,644.0,4
2021-01-18 05:00:00+01:00,44.94,17.0,5782.0,2967.0,0.0,484.0,2470.0,0.0,345.0,883.0,717.0,5
2021-01-18 06:00:00+01:00,52.0,17.0,6638.0,3054.0,0.0,483.0,2763.0,0.0,344.0,956.0,725.0,6
2021-01-18 07:00:00+01:00,64.38,17.0,8320.0,3055.0,0.0,482.0,2800.0,0.0,332.0,1064.0,820.0,7
2021-01-18 08:00:00+01:00,76.4,15.0,9038.0,3020.0,0.0,483.0,3287.0,0.0,318.0,1277.0,881.0,8
2021-01-18 09:00:00+01:00,70.1,16.0,9360.0,3008.0,0.0,483.0,3465.0,2.0,329.0,1267.0,913.0,9
2021-01-18 10:00:00+01:00,66.37,17.0,9305.0,3009.0,0.0,483.0,3580.0,11.0,293.0,1258.0,978.0,10
2021-01-18 11:00:00+01:00,59.6,17.0,8926.0,3010.0,0.0,483.0,3855.0,23.0,295.0,1250.0,1040.0,11
2021-01-18 12:00:00+01:00,49.71,17.0,8351.0,3030.0,0.0,484.0,4056.0,17.0,272.0,1277.0,1067.0,12
2021-01-18 13:00:00+01:00,46.0,18.0,8065.0,3023.0,0.0,484.0,4023.0,17.0,281.0,1296.0,1059.0,13
2021-01-18 14:00:00+01:00,53.0,17.0,8324.0,3053.0,0.0,483.0,3962.0,15.0,294.0,1191.0,998.0,14
2021-01-18 15:00:00+01:00,48.4,17.0,8239.0,3051.0,0.0,484.0,3745.0,11.0,305.0,1203.0,990.0,15
2021-01-18 16:00:00+01:00,54.54,15.0,7813.0,3071.0,0.0,484.0,3705.0,4.0,333.0,1245.0,941.0,16
2021-01-18 17:00:00+01:00,59.94,15.0,7537.0,3043.0,0.0,484.0,4223.0,0.0,334.0,1410.0,941.0,17
2021-01-18 18:00:00+01:00,53.31,16.0,7617.0,3059.0,0.0,484.0,5019.0,0.0,335.0,1372.0,923.0,18
2021-01-18 19:00:00+01:00,49.78,17.0,6781.0,3056.0,0.0,484.0,4855.0,0.0,335.0,1352.0,934.0,19
2021-01-18 20:00:00+01:00,46.6,17.0,5241.0,3019.0,0.0,484.0,4570.0,0.0,344.0,1332.0,979.0,20
2021-01-18 21:00:00+01:00,46.0,16.0,3881.0,3003.0,0.0,485.0,4505.0,0.0,347.0,1419.0,997.0,21
2021-01-18 22:00:00+01:00,43.78,17.0,3224.0,2443.0,0.0,485.0,4250.0,0.0,328.0,1443.0,1036.0,22
2021-01-18 23:00:00+01:00,39.08,16.0,2608.0,2083.0,0.0,484.0,3856.0,0.0,340.0,1559.0,1103.0,23
2021-01-19 00:00:00+01:00,37.96,16.0,2262.0,1926.0,0.0,484.0,3351.0,0.0,340.0,1580.0,1151.0,0
2021-01-19 01:00:00+01:00,37.13,18.0,2031.0,1943.0,0.0,484.0,3375.0,0.0,337.0,1558.0,1217.0,1
2021-01-19 02:00:00+01:00,35.45,18.0,1895.0,1628.0,0.0,484.0,3616.0,0.0,346.0,1541.0,1330.0,2
2021-01-19 03:00:00+01:00,36.1,17.0,1896.0,1581.0,0.0,484.0,3817.0,0.0,347.0,1596.0,1451.0,3
2021-01-19 04:00:00+01:00,37.41,18.0,1894.0,1589.0,0.0,484.0,3988.0,0.0,350.0,1601.0,1504.0,4
2021-01-19 05:00:00+01:00,39.41,18.0,2040.0,1734.0,0.0,485.0,4019.0,0.0,345.0,1601.0,1589.0,5
2021-01-19 06:00:00+01:00,42.76,18.0,2925.0,2077.0,0.0,483.0,4123.0,0.0,360.0,1602.0,1571.0,6
2021-01-19 07:00:00+01:00,46.68,17.0,4026.0,2791.0,0.0,483.0,4185.0,0.0,338.0,1601.0,1595.0,7
2021-01-19 08:00:00+01:00,55.15,16.0,5169.0,3108.0,0.0,484.0,4257.0,0.0,310.0,1513.0,1542.0,8
2021-01-19 09:00:00+01:00,56.31,16.0,5676.0,3117.0,0.0,484.0,4234.0,0.0,312.0,1579.0,1542.0,9
2021-01-19 10:00:00+01:00,54.48,17.0,5828.0,3096.0,0.0,483.0,4164.0,6.0,319.0,1502.0,1516.0,10
2021-01-19 11:00:00+01:00,56.3,17.0,5832.0,3116.0,0.0,483.0,4176.0,9.0,321.0,1183.0,1475.0,11
2021-01-19 12:00:00+01:00,52.21,17.0,5714.0,3127.0,0.0,483.0,4037.0,16.0,335.0,1229.0,1444.0,12
2021-01-19 13:00:00+01:00,52.11,17.0,5604.0,3134.0,0.0,483.0,3958.0,20.0,323.0,1358.0,1354.0,13
2021-01-19 14:00:00+01:00,52.37,17.0,5742.0,3118.0,0.0,483.0,4128.0,15.0,326.0,1311.0,1451.0,14
2021-01-19 15:00:00+01:00,51.34,17.0,5644.0,3114.0,0.0,483.0,4267.0,9.0,325.0,1321.0,1536.0,15
2021-01-19 16:00:00+01:00,51.89,15.0,5638.0,3109.0,0.0,483.0,4372.0,3.0,323.0,1479.0,1523.0,16
2021-01-19 17:00:00+01:00,54.9,15.0,5638.0,3102.0,0.0,484.0,5253.0,0.0,336.0,1562.0,1552.0,17
2021-01-19 18:00:00+01:00,52.55,15.0,5017.0,3104.0,0.0,484.0,6137.0,0.0,322.0,1504.0,1596.0,18
2021-01-19 19:00:00+01:00,45.39,17.0,4447.0,3114.0,0.0,484.0,5668.0,0.0,333.0,1545.0,1483.0,19
2021-01-19 20:00:00+01:00,42.78,17.0,3323.0,2929.0,0.0,484.0,5612.0,0.0,325.0,1603.0,1593.0,20
2021-01-19 21:00:00+01:00,43.7,17.0,2766.0,2772.0,0.0,485.0,5306.0,0.0,321.0,1602.0,1568.0,21
2021-01-19 22:00:00+01:00,39.9,17.0,2210.0,2510.0,0.0,485.0,4966.0,0.0,338.0,1602.0,1563.0,22
2021-01-19 23:00:00+01:00,31.23,17.0,2058.0,2145.0,0.0,484.0,4503.0,0.0,354.0,1601.0,1544.0,23
2021-01-20 00:00:00+01:00,31.03,17.0,1735.0,2032.0,0.0,484.0,3999.0,0.0,362.0,1583.0,1478.0,0
2021-01-20 01:00:00+01:00,28.38,17.0,1552.0,1771.0,0.0,484.0,3977.0,0.0,365.0,1599.0,1610.0,1
2021-01-20 02:00:00+01:00,26.67,17.0,1541.0,1669.0,0.0,484.0,3938.0,0.0,365.0,1596.0,1584.0,2
2021-01-20 03:00:00+01:00,25.18,17.0,1538.0,1675.0,0.0,484.0,3921.0,0.0,371.0,1598.0,1591.0,3
2021-01-20 04:00:00+01:00,28.94,17.0,1563.0,1681.0,0.0,484.0,3886.0,0.0,364.0,1598.0,1596.0,4
2021-01-20 05:00:00+01:00,31.68,17.0,1447.0,1719.0,0.0,484.0,3864.0,0.0,363.0,1594.0,1512.0,5
2021-01-20 06:00:00+01:00,43.8,17.0,1769.0,2153.0,0.0,425.0,3938.0,0.0,378.0,1597.0,1580.0,6
2021-01-20 07:00:00+01:00,53.61,16.0,2525.0,2819.0,0.0,424.0,3942.0,0.0,367.0,1582.0,1490.0,7
2021-01-20 08:00:00+01:00,61.74,16.0,3367.0,3058.0,0.0,424.0,4193.0,0.0,358.0,1596.0,1563.0,8
2021-01-20 09:00:00+01:00,63.46,16.0,3719.0,3101.0,0.0,424.0,4141.0,1.0,322.0,1595.0,1568.0,9
2021-01-20 10:00:00+01:00,51.96,17.0,3824.0,3097.0,0.0,424.0,4088.0,11.0,338.0,1592.0,1480.0,10
2021-01-20 11:00:00+01:00,59.62,17.0,4049.0,3113.0,0.0,424.0,4335.0,21.0,329.0,1318.0,1498.0,11
2021-01-20 12:00:00+01:00,57.24,17.0,4038.0,3114.0,0.0,424.0,4395.0,25.0,325.0,1316.0,1557.0,12
2021-01-20 13:00:00+01:00,51.13,17.0,3862.0,3087.0,0.0,424.0,4367.0,33.0,332.0,1317.0,1455.0,13
2021-01-20 14:00:00+01:00,44.4,17.0,3664.0,3053.0,0.0,424.0,4165.0,30.0,335.0,1558.0,1384.0,14
2021-01-20 15:00:00+01:00,43.15,17.0,3462.0,3035.0,0.0,424.0,3922.0,19.0,323.0,1593.0,1399.0,15
2021-01-20 16:00:00+01:00,44.41,16.0,3678.0,2946.0,0.0,424.0,4000.0,7.0,314.0,1592.0,1431.0,16
2021-01-20 17:00:00+01:00,56.0,16.0,3813.0,3052.0,0.0,424.0,4880.0,0.0,324.0,1593.0,1520.0,17
2021-01-20 18:00:00+01:00,57.87,17.0,3830.0,3109.0,0.0,424.0,5826.0,0.0,357.0,1592.0,1540.0,18
2021-01-20 19:00:00+01:00,54.0,17.0,3438.0,3110.0,0.0,424.0,5784.0,0.0,350.0,1593.0,1539.0,19
2021-01-20 20:00:00+01:00,47.4,17.0,2834.0,2864.0,0.0,424.0,5688.0,0.0,366.0,1593.0,1571.0,20
2021-01-20 21:00:00+01:00,44.9,17.0,2127.0,2715.0,0.0,425.0,5391.0,0.0,379.0,1591.0,1613.0,21
2021-01-20 22:00:00+01:00,42.4,17.0,1816.0,2252.0,0.0,425.0,4822.0,0.0,379.0,1590.0,1528.0,22
2021-01-20 23:00:00+01:00,30.1,17.0,1666.0,1892.0,0.0,424.0,4440.0,0.0,394.0,1593.0,1515.0,23
2021-01-21 00:00:00+01:00,32.4,16.0,1530.0,1752.0,0.0,429.0,4131.0,0.0,397.0,1592.0,1562.0,0
2021-01-21 01:00:00+01:00,19.43,17.0,1481.0,1576.0,0.0,484.0,3940.0,0.0,393.0,1583.0,1542.0,1
2021-01-21 02:00:00+01:00,9.08,17.0,1469.0,1495.0,0.0,484.0,3891.0,0.0,399.0,1582.0,1486.0,2
2021-01-21 03:00:00+01:00,1.07,17.0,1424.0,1434.0,0.0,484.0,3785.0,0.0,394.0,1564.0,1430.0,3
2021-01-21 04:00:00+01:00,0.2,17.0,1524.0,1429.0,0.0,484.0,3898.0,0.0,401.0,1158.0,1519.0,4
2021-01-21 05:00:00+01:00,15.15,17.0,1543.0,1484.0,0.0,484.0,3785.0,0.0,388.0,1454.0,1581.0,5
2021-01-21 06:00:00+01:00,31.16,17.0,1817.0,1843.0,0.0,484.0,3821.0,0.0,377.0,1381.0,1557.0,6
2021-01-21 07:00:00+01:00,51.8,17.0,2721.0,2385.0,0.0,484.0,4087.0,0.0,362.0,1478.0,1597.0,7
2021-01-21 08:00:00+01:00,66.08,16.0,3363.0,2837.0,0.0,484.0,4308.0,0.0,375.0,1446.0,1582.0,8
2021-01-21 09:00:00+01:00,71.68,16.0,3686.0,2972.0,0.0,484.0,4425.0,7.0,371.0,1485.0,1533.0,9
2021-01-21 10:00:00+01:00,50.0,16.0,3500.0,2936.0,0.0,484.0,4490.0,37.0,386.0,1507.0,1528.0,10
2021-01-21 11:00:00+01:00,45.0,16.0,2958.0,2752.0,0.0,410.0,4890.0,74.0,385.0,1507.0,1531.0,11
2021-01-21 12:00:00+01:00,44.95,17.0,3081.0,2799.0,0.0,410.0,4866.0,62.0,383.0,1516.0,1589.0,12
2021-01-21 13:00:00+01:00,42.4,17.0,2687.0,2643.0,0.0,409.0,4935.0,58.0,384.0,1498.0,1559.0,13
2021-01-21 14:00:00+01:00,44.0,17.0,2842.0,2722.0,0.0,409.0,4754.0,34.0,394.0,1489.0,1599.0,14
2021-01-21 15:00:00+01:00,45.0,17.0,2946.0,2885.0,0.0,409.0,4543.0,31.0,392.0,1488.0,1578.0,15
2021-01-21 16:00:00+01:00,46.84,16.0,3100.0,2978.0,0.0,409.0,4403.0,10.0,398.0,1513.0,1576.0,16
2021-01-21 17:00:00+01:00,60.75,16.0,3654.0,2983.0,0.0,425.0,4843.0,0.0,392.0,1499.0,1381.0,17
2021-01-21 18:00:00+01:00,58.53,17.0,3975.0,3011.0,0.0,481.0,5740.0,0.0,394.0,1460.0,1443.0,18
2021-01-21 19:00:00+01:00,65.02,18.0,4572.0,2901.0,0.0,484.0,4814.0,0.0,393.0,1031.0,1188.0,19
2021-01-21 20:00:00+01:00,72.97,17.0,4555.0,2984.0,0.0,484.0,4527.0,0.0,398.0,827.0,880.0,20
2021-01-21 21:00:00+01:00,61.84,17.0,4329.0,2976.0,0.0,484.0,3603.0,0.0,384.0,782.0,507.0,21
2021-01-21 22:00:00+01:00,62.95,17.0,4306.0,2979.0,0.0,485.0,2886.0,0.0,377.0,690.0,292.0,22
2021-01-21 23:00:00+01:00,64.9,17.0,4284.0,2976.0,0.0,484.0,2062.0,0.0,375.0,601.0,244.0,23
2021-01-22 00:00:00+01:00,87.76,16.0,3637.0,2952.0,0.0,484.0,1394.0,0.0,390.0,701.0,297.0,0
2021-01-22 01:00:00+01:00,50.28,17.0,3533.0,2890.0,0.0,484.0,1450.0,0.0,391.0,775.0,332.0,1
2021-01-22 02:00:00+01:00,45.1,18.0,2994.0,2492.0,0.0,484.0,1816.0,0.0,381.0,1396.0,580.0,2
2021-01-22 03:00:00+01:00,40.0,18.0,2622.0,2114.0,0.0,484.0,2073.0,0.0,385.0,1375.0,790.0,3
2021-01-22 04:00:00+01:00,31.46,18.0,2379.0,1861.0,0.0,484.0,2552.0,0.0,390.0,1379.0,979.0,4
2021-01-22 05:00:00+01:00,43.6,17.0,2727.0,2198.0,0.0,484.0,2934.0,0.0,348.0,1318.0,1066.0,5
2021-01-22 06:00:00+01:00,53.18,17.0,3537.0,2757.0,0.0,483.0,2962.0,0.0,368.0,1190.0,958.0,6
2021-01-22 07:00:00+01:00,49.9,17.0,4668.0,3028.0,0.0,483.0,2956.0,0.0,364.0,1078.0,868.0,7
2021-01-22 08:00:00+01:00,68.79,16.0,5882.0,3094.0,0.0,484.0,3389.0,0.0,361.0,1104.0,824.0,8
2021-01-22 09:00:00+01:00,63.0,17.0,6493.0,3094.0,0.0,484.0,3318.0,5.0,341.0,1119.0,857.0,9
2021-01-22 10:00:00+01:00,44.4,18.0,6130.0,3000.0,0.0,484.0,3375.0,20.0,324.0,1197.0,834.0,10
2021-01-22 11:00:00+01:00,43.08,17.0,5395.0,2980.0,0.0,484.0,3637.0,74.0,350.0,1100.0,769.0,11
2021-01-22 12:00:00+01:00,42.18,17.0,5072.0,2912.0,0.0,484.0,3853.0,77.0,346.0,1101.0,831.0,12
2021-01-22 13:00:00+01:00,42.16,17.0,5030.0,2939.0,0.0,483.0,3930.0,78.0,381.0,986.0,860.0,13
2021-01-22 14:00:00+01:00,46.24,17.0,5745.0,3018.0,0.0,483.0,3914.0,67.0,375.0,964.0,873.0,14
2021-01-22 15:00:00+01:00,54.49,17.0,6401.0,3013.0,0.0,483.0,3473.0,30.0,386.0,894.0,800.0,15
2021-01-22 16:00:00+01:00,57.31,17.0,6758.0,3122.0,0.0,483.0,3039.0,15.0,376.0,878.0,716.0,16
2021-01-22 17:00:00+01:00,64.48,15.0,6710.0,3112.0,0.0,483.0,3525.0,0.0,391.0,837.0,638.0,17
2021-01-22 18:00:00+01:00,66.77,16.0,6873.0,3010.0,0.0,484.0,4339.0,0.0,386.0,861.0,624.0,18
2021-01-22 19:00:00+01:00,63.89,17.0,6758.0,2879.0,0.0,484.0,4149.0,0.0,402.0,913.0,562.0,19
2021-01-22 20:00:00+01:00,54.0,17.0,6232.0,2651.0,0.0,484.0,3758.0,0.0,396.0,900.0,561.0,20
2021-01-22 21:00:00+01:00,52.91,17.0,5154.0,2694.0,0.0,484.0,3011.0,0.0,380.0,839.0,563.0,21
2021-01-22 22:00:00+01:00,51.79,17.0,4537.0,2677.0,0.0,484.0,2846.0,0.0,368.0,839.0,578.0,22
2021-01-22 23:00:00+01:00,45.0,17.0,4292.0,2659.0,0.0,484.0,2548.0,0.0,332.0,677.0,644.0,23
2021-01-23 00:00:00+01:00,47.4,16.0,3241.0,2679.0,0.0,484.0,2385.0,0.0,324.0,973.0,534.0,0
2021-01-23 01:00:00+01:00,44.72,17.0,2933.0,2462.0,0.0,484.0,1947.0,0.0,327.0,722.0,516.0,1
2021-01-23 02:00:00+01:00,44.38,18.0,2749.0,2032.0,0.0,484.0,2011.0,0.0,337.0,809.0,509.0,2
2021-01-23 03:00:00+01:00,42.31,17.0,2484.0,1735.0,0.0,484.0,2098.0,0.0,337.0,1118.0,522.0,3
2021-01-23 04:00:00+01:00,38.91,17.0,2442.0,1647.0,0.0,484.0,2065.0,0.0,331.0,943.0,581.0,4
2021-01-23 05:00:00+01:00,41.97,18.0,2563.0,1640.0,0.0,484.0,2336.0,0.0,324.0,900.0,708.0,5
2021-01-23 06:00:00+01:00,42.4,17.0,2774.0,2057.0,0.0,484.0,2458.0,0.0,321.0,896.0,806.0,6
2021-01-23 07:00:00+01:00,45.88,17.0,3212.0,2475.0,0.0,483.0,2715.0,0.0,315.0,827.0,952.0,7
2021-01-23 08:00:00+01:00,50.0,16.0,3945.0,2767.0,0.0,484.0,2738.0,0.0,319.0,932.0,830.0,8
2021-01-23 09:00:00+01:00,56.92,17.0,5357.0,2801.0,0.0,484.0,3344.0,2.0,291.0,851.0,846.0,9
2021-01-23 10:00:00+01:00,58.15,18.0,5489.0,2889.0,0.0,484.0,3548.0,12.0,300.0,694.0,642.0,10
2021-01-23 11:00:00+01:00,58.95,17.0,5471.0,2879.0,0.0,484.0,3744.0,21.0,298.0,690.0,561.0,11
2021-01-23 12:00:00+01:00,56.63,18.0,5609.0,3008.0,0.0,484.0,3439.0,38.0,288.0,621.0,491.0,12
2021-01-23 13:00:00+01:00,52.0,18.0,5809.0,3106.0,0.0,484.0,3188.0,37.0,291.0,508.0,323.0,13
2021-01-23 14:00:00+01:00,51.0,17.0,5835.0,3080.0,0.0,484.0,2896.0,23.0,296.0,373.0,235.0,14
2021-01-23 15:00:00+01:00,53.65,16.0,6548.0,2962.0,0.0,483.0,2782.0,24.0,293.0,145.0,148.0,15
2021-01-23 16:00:00+01:00,58.3,16.0,6587.0,2925.0,0.0,483.0,2772.0,11.0,277.0,75.0,87.0,16
2021-01-23 17:00:00+01:00,63.09,15.0,6536.0,3021.0,0.0,483.0,3360.0,0.0,275.0,67.0,69.0,17
2021-01-23 18:00:00+01:00,66.13,17.0,6721.0,2950.0,0.0,483.0,4339.0,0.0,285.0,78.0,73.0,18
2021-01-23 19:00:00+01:00,63.29,17.0,6515.0,3036.0,0.0,483.0,4047.0,0.0,307.0,129.0,89.0,19
2021-01-23 20:00:00+01:00,58.16,17.0,5912.0,2936.0,0.0,484.0,3534.0,0.0,313.0,129.0,94.0,20
2021-01-23 21:00:00+01:00,52.8,17.0,5190.0,3029.0,0.0,484.0,3097.0,0.0,297.0,135.0,96.0,21
2021-01-23 22:00:00+01:00,51.2,17.0,4765.0,3079.0,0.0,484.0,2727.0,0.0,295.0,232.0,125.0,22
2021-01-23 23:00:00+01:00,47.18,17.0,4314.0,3072.0,0.0,484.0,2486.0,0.0,308.0,313.0,126.0,23
2021-01-24 00:00:00+01:00,44.8,16.0,3246.0,2668.0,0.0,484.0,1626.0,0.0,312.0,565.0,172.0,0
2021-01-24 01:00:00+01:00,40.67,15.0,2407.0,1977.0,0.0,484.0,1525.0,0.0,305.0,628.0,216.0,1
2021-01-24 02:00:00+01:00,41.24,17.0,2352.0,1721.0,0.0,484.0,1455.0,0.0,319.0,653.0,325.0,2
2021-01-24 03:00:00+01:00,40.24,17.0,2251.0,1705.0,0.0,484.0,1450.0,0.0,348.0,432.0,435.0,3
2021-01-24 04:00:00+01:00,39.78,17.0,2177.0,1715.0,0.0,484.0,1423.0,0.0,354.0,771.0,335.0,4
2021-01-24 05:00:00+01:00,39.9,17.0,2426.0,1718.0,0.0,484.0,1206.0,0.0,353.0,468.0,233.0,5
2021-01-24 06:00:00+01:00,40.56,17.0,2494.0,1880.0,0.0,484.0,1231.0,0.0,354.0,340.0,325.0,6
2021-01-24 07:00:00+01:00,41.97,17.0,2524.0,2171.0,0.0,484.0,1289.0,0.0,355.0,369.0,320.0,7
2021-01-24 08:00:00+01:00,46.0,16.0,2949.0,2615.0,0.0,484.0,1464.0,0.0,347.0,345.0,387.0,8
2021-01-24 09:00:00+01:00,54.0,16.0,3605.0,2741.0,0.0,484.0,1650.0,13.0,378.0,159.0,264.0,9
2021-01-24 10:00:00+01:00,53.09,16.0,3585.0,2776.0,0.0,484.0,1877.0,27.0,388.0,80.0,187.0,10
2021-01-24 11:00:00+01:00,54.34,17.0,3480.0,2706.0,0.0,484.0,2249.0,63.0,388.0,44.0,180.0,11
2021-01-24 12:00:00+01:00,51.86,17.0,3582.0,2725.0,0.0,484.0,2586.0,86.0,377.0,72.0,186.0,12
2021-01-24 13:00:00+01:00,45.99,17.0,3148.0,2676.0,0.0,484.0,2781.0,87.0,382.0,255.0,221.0,13
2021-01-24 14:00:00+01:00,44.34,17.0,2998.0,2638.0,0.0,484.0,2214.0,73.0,397.0,346.0,227.0,14
2021-01-24 15:00:00+01:00,45.93,17.0,3069.0,2778.0,0.0,484.0,2007.0,38.0,393.0,248.0,218.0,15
2021-01-24 16:00:00+01:00,52.0,16.0,3574.0,2789.0,0.0,484.0,1926.0,10.0,385.0,299.0,197.0,16
2021-01-24 17:00:00+01:00,63.0,16.0,3938.0,2834.0,0.0,484.0,2574.0,0.0,379.0,431.0,199.0,17
2021-01-24 18:00:00+01:00,65.0,16.0,4340.0,3135.0,0.0,484.0,3645.0,0.0,375.0,499.0,241.0,18
2021-01-24 19:00:00+01:00,69.19,16.0,4358.0,3186.0,0.0,484.0,3700.0,0.0,375.0,588.0,282.0,19
2021-01-24 20:00:00+01:00,59.3,16.0,4244.0,3181.0,0.0,484.0,3652.0,0.0,366.0,641.0,318.0,20
2021-01-24 21:00:00+01:00,55.76,15.0,4171.0,3185.0,0.0,484.0,3393.0,0.0,373.0,701.0,274.0,21
2021-01-24 22:00:00+01:00,53.93,16.0,4177.0,3179.0,0.0,484.0,3044.0,0.0,374.0,588.0,199.0,22
2021-01-24 23:00:00+01:00,47.89,15.0,3981.0,3179.0,0.0,484.0,2496.0,0.0,383.0,462.0,176.0,23
2021-01-25 00:00:00+01:00,46.62,16.0,3542.0,3178.0,0.0,484.0,1719.0,0.0,375.0,356.0,156.0,0
2021-01-25 01:00:00+01:00,43.09,16.0,3251.0,2945.0,0.0,484.0,1312.0,0.0,368.0,282.0,132.0,1
2021-01-25 02:00:00+01:00,43.0,15.0,3122.0,2628.0,0.0,484.0,1281.0,0.0,371.0,319.0,112.0,2
2021-01-25 03:00:00+01:00,42.59,16.0,3154.0,2292.0,0.0,485.0,1343.0,0.0,361.0,455.0,104.0,3
2021-01-25 04:00:00+01:00,42.2,15.0,3571.0,2451.0,0.0,484.0,1357.0,0.0,368.0,421.0,108.0,4
2021-01-25 05:00:00+01:00,45.66,14.0,4497.0,2778.0,0.0,484.0,1622.0,0.0,366.0,342.0,113.0,5
2021-01-25 06:00:00+01:00,61.95,15.0,6902.0,2911.0,0.0,483.0,2325.0,0.0,366.0,325.0,131.0,6
2021-01-25 07:00:00+01:00,70.0,16.0,9002.0,3171.0,0.0,483.0,2474.0,0.0,358.0,313.0,118.0,7
2021-01-25 08:00:00+01:00,75.62,16.0,10045.0,3187.0,0.0,483.0,2946.0,0.0,363.0,271.0,117.0,8
2021-01-25 09:00:00+01:00,79.67,14.0,10432.0,3184.0,0.0,483.0,3021.0,5.0,361.0,96.0,97.0,9
2021-01-25 10:00:00+01:00,74.95,16.0,10490.0,3186.0,0.0,483.0,3282.0,38.0,330.0,172.0,95.0,10
2021-01-25 11:00:00+01:00,71.88,18.0,10063.0,3179.0,0.0,484.0,3561.0,80.0,314.0,287.0,105.0,11
2021-01-25 12:00:00+01:00,69.02,17.0,9973.0,3190.0,0.0,484.0,3903.0,104.0,299.0,480.0,136.0,12
2021-01-25 13:00:00+01:00,67.0,15.0,9794.0,3204.0,0.0,484.0,4024.0,106.0,286.0,386.0,171.0,13
2021-01-25 14:00:00+01:00,65.48,14.0,9848.0,3203.0,0.0,484.0,3821.0,91.0,295.0,657.0,283.0,14
2021-01-25 15:00:00+01:00,50.0,15.0,9887.0,3202.0,0.0,484.0,3749.0,59.0,330.0,714.0,418.0,15
2021-01-25 16:00:00+01:00,67.04,17.0,10325.0,3200.0,0.0,483.0,3904.0,16.0,317.0,1056.0,452.0,16
2021-01-25 17:00:00+01:00,71.69,17.0,9982.0,3193.0,0.0,483.0,4947.0,0.0,317.0,1370.0,650.0,17
2021-01-25 18:00:00+01:00,67.7,15.0,10032.0,3182.0,0.0,483.0,6131.0,0.0,329.0,1454.0,878.0,18
2021-01-25 19:00:00+01:00,50.59,16.0,8428.0,3177.0,0.0,483.0,6274.0,0.0,336.0,1252.0,1023.0,19
2021-01-25 20:00:00+01:00,53.0,15.0,6530.0,3184.0,0.0,484.0,6097.0,0.0,353.0,1250.0,1062.0,20
2021-01-25 21:00:00+01:00,49.0,15.0,4587.0,3075.0,0.0,483.0,5645.0,0.0,348.0,1346.0,952.0,21
2021-01-25 22:00:00+01:00,45.61,14.0,3444.0,2718.0,0.0,484.0,5073.0,0.0,343.0,1103.0,1243.0,22
2021-01-25 23:00:00+01:00,41.02,16.0,3045.0,2568.0,0.0,484.0,4766.0,0.0,355.0,1020.0,1363.0,23
2021-01-26 00:00:00+01:00,44.82,15.0,2335.0,2520.0,0.0,485.0,4167.0,0.0,352.0,1021.0,1412.0,0
2021-01-26 01:00:00+01:00,47.33,16.0,2245.0,2475.0,0.0,484.0,3671.0,0.0,355.0,1016.0,1401.0,1
2021-01-26 02:00:00+01:00,43.74,14.0,2072.0,2245.0,0.0,484.0,3568.0,0.0,354.0,1014.0,1386.0,2
2021-01-26 03:00:00+01:00,42.34,15.0,2107.0,2369.0,0.0,484.0,3357.0,0.0,348.0,1035.0,1333.0,3
2021-01-26 04:00:00+01:00,46.1,16.0,2103.0,2689.0,0.0,484.0,3045.0,0.0,343.0,1104.0,1203.0,4
2021-01-26 05:00:00+01:00,50.77,15.0,2726.0,2958.0,0.0,484.0,2943.0,0.0,343.0,1116.0,1080.0,5
2021-01-26 06:00:00+01:00,55.72,15.0,4986.0,3097.0,0.0,482.0,2823.0,0.0,349.0,913.0,849.0,6
2021-01-26 07:00:00+01:00,69.05,14.0,7913.0,3160.0,0.0,483.0,3000.0,0.0,311.0,795.0,774.0,7
2021-01-26 08:00:00+01:00,73.95,16.0,9852.0,3179.0,0.0,483.0,3109.0,0.0,321.0,730.0,602.0,8
2021-01-26 09:00:00+01:00,60.0,18.0,10303.0,3189.0,0.0,483.0,2812.0,9.0,316.0,335.0,445.0,9
2021-01-26 10:00:00+01:00,73.91,16.0,10424.0,3191.0,0.0,483.0,2912.0,38.0,322.0,366.0,336.0,10
2021-01-26 11:00:00+01:00,72.0,15.0,10558.0,3186.0,0.0,485.0,3106.0,70.0,336.0,270.0,255.0,11
2021-01-26 12:00:00+01:00,70.0,15.0,10473.0,3198.0,0.0,483.0,3399.0,98.0,315.0,212.0,216.0,12
2021-01-26 13:00:00+01:00,62.43,18.0,10372.0,3174.0,0.0,484.0,3339.0,85.0,304.0,159.0,216.0,13
2021-01-26 14:00:00+01:00,65.74,17.0,10119.0,3188.0,0.0,484.0,3204.0,64.0,297.0,242.0,279.0,14
2021-01-26 15:00:00+01:00,68.15,17.0,10074.0,3188.0,0.0,484.0,2974.0,36.0,301.0,357.0,349.0,15
2021-01-26 16:00:00+01:00,68.75,16.0,10108.0,3193.0,0.0,484.0,2911.0,19.0,302.0,500.0,348.0,16
2021-01-26 17:00:00+01:00,73.73,17.0,10190.0,3178.0,0.0,484.0,3226.0,0.0,315.0,548.0,455.0,17
2021-01-26 18:00:00+01:00,55.0,17.0,9937.0,3207.0,0.0,483.0,4635.0,0.0,307.0,433.0,463.0,18
2021-01-26 19:00:00+01:00,51.62,17.0,8100.0,3194.0,0.0,484.0,4238.0,0.0,294.0,665.0,516.0,19
2021-01-26 20:00:00+01:00,54.86,17.0,5767.0,3118.0,0.0,484.0,3954.0,0.0,297.0,895.0,598.0,20
2021-01-26 21:00:00+01:00,53.88,17.0,4614.0,3125.0,0.0,484.0,3910.0,0.0,300.0,969.0,724.0,21
2021-01-26 22:00:00+01:00,51.05,17.0,3947.0,3120.0,0.0,485.0,3679.0,0.0,299.0,973.0,738.0,22
2021-01-26 23:00:00+01:00,46.56,16.0,3327.0,3120.0,0.0,485.0,3414.0,0.0,327.0,1049.0,606.0,23
2021-01-27 00:00:00+01:00,45.1,16.0,3061.0,3093.0,0.0,485.0,2893.0,0.0,311.0,1125.0,753.0,0
2021-01-27 01:00:00+01:00,44.97,15.0,2905.0,3020.0,0.0,485.0,2905.0,0.0,313.0,1244.0,904.0,1
2021-01-27 02:00:00+01:00,43.32,16.0,2614.0,3029.0,0.0,485.0,3086.0,0.0,316.0,1386.0,1098.0,2
2021-01-27 03:00:00+01:00,42.04,16.0,2422.0,2925.0,0.0,484.0,3171.0,0.0,317.0,1535.0,1117.0,3
2021-01-27 04:00:00+01:00,42.27,16.0,2474.0,2924.0,0.0,484.0,3138.0,0.0,327.0,1556.0,1165.0,4
2021-01-27 05:00:00+01:00,44.93,16.0,2839.0,3090.0,0.0,484.0,3205.0,0.0,331.0,1519.0,1155.0,5
2021-01-27 06:00:00+01:00,51.25,17.0,4947.0,3070.0,0.0,483.0,3457.0,0.0,326.0,1385.0,1117.0,6
2021-01-27 07:00:00+01:00,58.57,17.0,8439.0,3129.0,0.0,483.0,3687.0,0.0,291.0,1217.0,929.0,7
2021-01-27 08:00:00+01:00,66.44,17.0,10137.0,3190.0,0.0,483.0,3872.0,0.0,294.0,1178.0,834.0,8
2021-01-27 09:00:00+01:00,62.8,16.0,10570.0,3197.0,0.0,483.0,3849.0,0.0,293.0,839.0,727.0,9
2021-01-27 10:00:00+01:00,63.87,15.0,10742.0,3191.0,0.0,484.0,3621.0,4.0,296.0,733.0,610.0,10
2021-01-27 11:00:00+01:00,64.72,16.0,10809.0,3193.0,0.0,483.0,3452.0,9.0,286.0,584.0,549.0,11
2021-01-27 12:00:00+01:00,65.78,16.0,10976.0,3201.0,0.0,484.0,3509.0,11.0,277.0,415.0,408.0,12
2021-01-27 13:00:00+01:00,47.1,17.0,10830.0,3202.0,0.0,484.0,3382.0,12.0,290.0,222.0,429.0,13
2021-01-27 14:00:00+01:00,48.6,17.0,10782.0,3198.0,0.0,484.0,3236.0,18.0,307.0,391.0,356.0,14
2021-01-27 15:00:00+01:00,45.2,17.0,10669.0,3218.0,0.0,484.0,3952.0,8.0,307.0,415.0,385.0,15
2021-01-27 16:00:00+01:00,65.9,17.0,10497.0,3190.0,0.0,484.0,3637.0,3.0,314.0,466.0,507.0,16
2021-01-27 17:00:00+01:00,68.17,16.0,10390.0,3183.0,0.0,484.0,4171.0,0.0,324.0,436.0,485.0,17
2021-01-27 18:00:00+01:00,70.48,16.0,10510.0,3184.0,0.0,483.0,5110.0,0.0,321.0,453.0,471.0,18
2021-01-27 19:00:00+01:00,57.39,17.0,10261.0,3185.0,0.0,483.0,4916.0,0.0,322.0,323.0,419.0,19
2021-01-27 20:00:00+01:00,51.89,17.0,8891.0,2979.0,0.0,483.0,4608.0,0.0,304.0,241.0,401.0,20
2021-01-27 21:00:00+01:00,50.0,17.0,7492.0,2704.0,0.0,483.0,4294.0,0.0,295.0,174.0,375.0,21
2021-01-27 22:00:00+01:00,49.0,17.0,6650.0,2707.0,0.0,485.0,3903.0,0.0,310.0,93.0,255.0,22
2021-01-27 23:00:00+01:00,47.5,17.0,5435.0,2693.0,0.0,484.0,2941.0,0.0,319.0,95.0,247.0,23
2021-01-28 00:00:00+01:00,46.87,16.0,5613.0,2697.0,0.0,484.0,2252.0,0.0,323.0,55.0,225.0,0
2021-01-28 01:00:00+01:00,44.93,17.0,5152.0,2710.0,0.0,484.0,1713.0,0.0,311.0,13.0,153.0,1
2021-01-28 02:00:00+01:00,43.83,17.0,5027.0,2681.0,0.0,485.0,1557.0,0.0,305.0,64.0,104.0,2
2021-01-28 03:00:00+01:00,42.4,17.0,4735.0,2703.0,0.0,485.0,1443.0,0.0,301.0,131.0,95.0,3
2021-01-28 04:00:00+01:00,43.64,17.0,4732.0,2883.0,0.0,485.0,1398.0,0.0,305.0,104.0,92.0,4
2021-01-28 05:00:00+01:00,44.41,17.0,5538.0,3124.0,0.0,485.0,1846.0,0.0,306.0,312.0,95.0,5
2021-01-28 06:00:00+01:00,53.25,17.0,7626.0,3126.0,0.0,484.0,2313.0,0.0,298.0,603.0,180.0,6
2021-01-28 07:00:00+01:00,63.44,17.0,9622.0,3121.0,0.0,484.0,2640.0,0.0,288.0,531.0,257.0,7
2021-01-28 08:00:00+01:00,68.09,16.0,10267.0,3197.0,0.0,484.0,2831.0,0.0,297.0,442.0,293.0,8
2021-01-28 09:00:00+01:00,66.64,17.0,10362.0,3202.0,0.0,484.0,2974.0,3.0,283.0,352.0,400.0,9
2021-01-28 10:00:00+01:00,64.98,16.0,10515.0,3193.0,0.0,484.0,3239.0,9.0,285.0,459.0,404.0,10
2021-01-28 11:00:00+01:00,64.0,16.0,10303.0,3197.0,0.0,484.0,3249.0,11.0,276.0,1187.0,407.0,11
2021-01-28 12:00:00+01:00,60.74,17.0,9824.0,3193.0,0.0,484.0,3337.0,16.0,285.0,1741.0,530.0,12
2021-01-28 13:00:00+01:00,57.0,17.0,9879.0,3193.0,0.0,468.0,3603.0,17.0,287.0,1719.0,661.0,13
2021-01-28 14:00:00+01:00,48.0,17.0,9805.0,3195.0,0.0,410.0,3425.0,31.0,280.0,1703.0,625.0,14
2021-01-28 15:00:00+01:00,46.1,17.0,10149.0,3195.0,0.0,410.0,3181.0,20.0,308.0,1626.0,488.0,15
2021-01-28 16:00:00+01:00,53.71,16.0,10124.0,3178.0,0.0,410.0,3084.0,7.0,315.0,1297.0,473.0,16
2021-01-28 17:00:00+01:00,58.84,16.0,10271.0,3151.0,0.0,410.0,3865.0,0.0,310.0,939.0,323.0,17
2021-01-28 18:00:00+01:00,63.3,17.0,10152.0,3144.0,0.0,410.0,4891.0,0.0,311.0,517.0,369.0,18
2021-01-28 19:00:00+01:00,55.48,16.0,9930.0,3130.0,0.0,483.0,4713.0,0.0,308.0,564.0,426.0,19
2021-01-28 20:00:00+01:00,52.13,16.0,8806.0,3093.0,0.0,483.0,4011.0,0.0,307.0,694.0,409.0,20
2021-01-28 21:00:00+01:00,52.02,18.0,7593.0,2962.0,0.0,484.0,3487.0,0.0,305.0,807.0,453.0,21
2021-01-28 22:00:00+01:00,51.02,17.0,5757.0,2902.0,0.0,483.0,3569.0,0.0,309.0,1031.0,587.0,22
2021-01-28 23:00:00+01:00,45.51,17.0,4926.0,2896.0,0.0,483.0,3059.0,0.0,308.0,1173.0,630.0,23
2021-01-29 00:00:00+01:00,42.71,17.0,3989.0,2914.0,0.0,484.0,2089.0,0.0,321.0,1185.0,559.0,0
2021-01-29 01:00:00+01:00,39.65,17.0,2660.0,2516.0,0.0,485.0,1618.0,0.0,317.0,1375.0,554.0,1
2021-01-29 02:00:00+01:00,37.79,17.0,2083.0,1993.0,0.0,485.0,1591.0,0.0,329.0,1889.0,569.0,2
2021-01-29 03:00:00+01:00,36.8,17.0,1994.0,2059.0,0.0,485.0,1349.0,0.0,341.0,2075.0,593.0,3
2021-01-29 04:00:00+01:00,36.46,17.0,2134.0,2088.0,0.0,485.0,1380.0,0.0,342.0,2077.0,703.0,4
2021-01-29 05:00:00+01:00,38.99,17.0,2104.0,2275.0,0.0,485.0,1428.0,0.0,353.0,2140.0,806.0,5
2021-01-29 06:00:00+01:00,45.0,17.0,2636.0,2661.0,0.0,484.0,1816.0,0.0,324.0,2180.0,832.0,6
2021-01-29 07:00:00+01:00,55.42,17.0,3629.0,2887.0,0.0,484.0,2234.0,0.0,316.0,2226.0,876.0,7
2021-01-29 08:00:00+01:00,58.56,16.0,4144.0,3152.0,0.0,484.0,2737.0,0.0,326.0,2237.0,969.0,8
2021-01-29 09:00:00+01:00,58.88,17.0,4117.0,3160.0,0.0,484.0,3242.0,2.0,323.0,2241.0,1194.0,9
2021-01-29 10:00:00+01:00,56.67,17.0,3816.0,3163.0,0.0,484.0,3259.0,8.0,330.0,2232.0,1450.0,10
2021-01-29 11:00:00+01:00,54.73,17.0,3953.0,3144.0,0.0,484.0,3537.0,13.0,322.0,2212.0,1477.0,11
2021-01-29 12:00:00+01:00,53.29,17.0,4186.0,3022.0,0.0,484.0,3702.0,19.0,315.0,2215.0,1459.0,12
2021-01-29 13:00:00+01:00,49.01,17.0,3924.0,2931.0,0.0,484.0,3763.0,26.0,298.0,2145.0,1442.0,13
2021-01-29 14:00:00+01:00,45.72,17.0,3773.0,2834.0,0.0,484.0,3624.0,24.0,318.0,1902.0,1408.0,14
2021-01-29 15:00:00+01:00,49.9,17.0,3822.0,2931.0,0.0,484.0,3303.0,17.0,310.0,1881.0,1290.0,15
2021-01-29 16:00:00+01:00,54.39,16.0,3975.0,3061.0,0.0,484.0,3071.0,6.0,289.0,2041.0,1179.0,16
2021-01-29 17:00:00+01:00,59.54,17.0,4013.0,2987.0,0.0,484.0,3386.0,1.0,291.0,2062.0,1074.0,17
2021-01-29 18:00:00+01:00,60.79,18.0,4251.0,3011.0,0.0,484.0,4698.0,0.0,281.0,2140.0,1349.0,18
2021-01-29 19:00:00+01:00,59.38,17.0,4230.0,3006.0,0.0,484.0,4432.0,0.0,292.0,2001.0,1248.0,19
2021-01-29 20:00:00+01:00,54.34,18.0,4112.0,2893.0,0.0,484.0,4148.0,0.0,326.0,1551.0,1073.0,20
2021-01-29 21:00:00+01:00,50.03,17.0,3465.0,3002.0,0.0,484.0,3273.0,0.0,317.0,1026.0,813.0,21
2021-01-29 22:00:00+01:00,45.9,18.0,3241.0,2976.0,0.0,485.0,2822.0,0.0,314.0,704.0,586.0,22
2021-01-29 23:00:00+01:00,42.79,17.0,2941.0,3080.0,0.0,484.0,2165.0,0.0,315.0,619.0,512.0,23
2021-01-30 00:00:00+01:00,42.02,16.0,2590.0,2742.0,0.0,485.0,1202.0,0.0,321.0,557.0,458.0,0
2021-01-30 01:00:00+01:00,42.31,16.0,2096.0,2437.0,0.0,484.0,989.0,0.0,317.0,878.0,394.0,1
2021-01-30 02:00:00+01:00,39.05,17.0,1932.0,2035.0,0.0,484.0,1046.0,0.0,320.0,894.0,408.0,2
2021-01-30 03:00:00+01:00,37.96,17.0,1957.0,1801.0,0.0,484.0,919.0,0.0,317.0,992.0,418.0,3
2021-01-30 04:00:00+01:00,34.86,17.0,1988.0,1907.0,0.0,484.0,904.0,0.0,306.0,1269.0,435.0,4
2021-01-30 05:00:00+01:00,38.09,17.0,1953.0,2110.0,0.0,484.0,1007.0,0.0,313.0,1409.0,498.0,5
2021-01-30 06:00:00+01:00,41.08,17.0,2015.0,2409.0,0.0,484.0,1049.0,0.0,303.0,1519.0,491.0,6
2021-01-30 07:00:00+01:00,43.35,17.0,2076.0,2607.0,0.0,484.0,1426.0,0.0,310.0,1598.0,675.0,7
2021-01-30 08:00:00+01:00,48.74,15.0,2419.0,2597.0,0.0,483.0,1803.0,0.0,318.0,1712.0,822.0,8
2021-01-30 09:00:00+01:00,57.73,16.0,2695.0,2593.0,0.0,483.0,2051.0,10.0,306.0,1739.0,841.0,9
2021-01-30 10:00:00+01:00,57.81,18.0,2791.0,2743.0,0.0,483.0,2328.0,37.0,282.0,1748.0,803.0,10
2021-01-30 11:00:00+01:00,57.78,18.0,2833.0,2841.0,0.0,483.0,2615.0,68.0,266.0,1723.0,779.0,11
2021-01-30 12:00:00+01:00,55.13,18.0,2929.0,2837.0,0.0,483.0,2791.0,67.0,265.0,1679.0,755.0,12
2021-01-30 13:00:00+01:00,50.6,18.0,2829.0,2836.0,0.0,483.0,3047.0,82.0,307.0,1668.0,742.0,13
2021-01-30 14:00:00+01:00,47.99,18.0,2812.0,2837.0,0.0,484.0,2810.0,39.0,306.0,1654.0,774.0,14
2021-01-30 15:00:00+01:00,48.05,17.0,2901.0,2841.0,0.0,484.0,2439.0,38.0,297.0,1583.0,729.0,15
2021-01-30 16:00:00+01:00,56.06,17.0,2773.0,2850.0,0.0,484.0,2275.0,14.0,303.0,1650.0,728.0,16
2021-01-30 17:00:00+01:00,60.54,17.0,2710.0,2854.0,0.0,484.0,2732.0,1.0,308.0,1610.0,726.0,17
2021-01-30 18:00:00+01:00,61.65,17.0,2893.0,3007.0,0.0,484.0,3986.0,0.0,294.0,1664.0,813.0,18
2021-01-30 19:00:00+01:00,59.62,17.0,2783.0,2947.0,0.0,484.0,3944.0,0.0,304.0,1630.0,815.0,19
2021-01-30 20:00:00+01:00,52.78,17.0,2836.0,2772.0,0.0,484.0,3626.0,0.0,293.0,1626.0,708.0,20
2021-01-30 21:00:00+01:00,46.96,18.0,2781.0,2614.0,0.0,484.0,3248.0,0.0,310.0,1601.0,710.0,21
2021-01-30 22:00:00+01:00,46.98,17.0,2388.0,2568.0,0.0,484.0,2939.0,0.0,316.0,1572.0,667.0,22
2021-01-30 23:00:00+01:00,42.3,17.0,2221.0,2512.0,0.0,484.0,2377.0,0.0,317.0,1556.0,583.0,23
